section_number, image_url, image_format, image_resolution_mpp, image_width, image_height, atlas_url, atlas_format, viewer_url
4,data2d/specimen_4/Specimen_4_4.tif,tif,4,16000,16000,,,https://brainportal.humanbrain.in/code/2dviewer/annotation/public?data=3&region=-1&section=4&type=hd
7,data2d/specimen_4/Specimen_4_7.tif,tif,4,16000,16000,,,https://brainportal.humanbrain.in/code/2dviewer/annotation/public?data=3&region=-1&section=7&type=hd
10,data2d/specimen_4/Specimen_4_10.tif,tif,4,16000,16000,,,https://brainportal.humanbrain.in/code/2dviewer/annotation/public?data=3&region=-1&section=10&type=hd
13,data2d/specimen_4/Specimen_4_13.tif,tif,4,16000,16000,,,https://brainportal.humanbrain.in/code/2dviewer/annotation/public?data=3&region=-1&section=13&type=hd
19,data2d/specimen_4/Specimen_4_19.tif,tif,4,16000,16000,,,https://brainportal.humanbrain.in/code/2dviewer/annotation/public?data=3&region=-1&section=19&type=hd
22,data2d/specimen_4/Specimen_4_22.tif,tif,4,16000,16000,,,https://brainportal.humanbrain.in/code/2dviewer/annotation/public?data=3&region=-1&section=22&type=hd
25,data2d/specimen_4/Specimen_4_25.tif,tif,4,16000,16000,,,https://brainportal.humanbrain.in/code/2dviewer/annotation/public?data=3&region=-1&section=25&type=hd
28,data2d/specimen_4/Specimen_4_28.tif,tif,4,16000,16000,,,https://brainportal.humanbrain.in/code/2dviewer/annotation/public?data=3&region=-1&section=28&type=hd
34,data2d/specimen_4/Specimen_4_34.tif,tif,1,64000,64000,https://dharani-fetal-brain-atlas.s3.us-west-2.amazonaws.com/data2d/specimen_4/Specimen_4_34.json,geojson,https://brainportal.humanbrain.in/code/2dviewer/annotation/public?data=3&region=-1&section=34
43,data2d/specimen_4/Specimen_4_43.tif,tif,1,64000,64000,https://dharani-fetal-brain-atlas.s3.us-west-2.amazonaws.com/data2d/specimen_4/Specimen_4_43.json,geojson,https://brainportal.humanbrain.in/code/2dviewer/annotation/public?data=3&region=-1&section=43
49,data2d/specimen_4/Specimen_4_49.tif,tif,4,16000,16000,,,https://brainportal.humanbrain.in/code/2dviewer/annotation/public?data=3&region=-1&section=49&type=hd
52,data2d/specimen_4/Specimen_4_52.tif,tif,4,16000,16000,,,https://brainportal.humanbrain.in/code/2dviewer/annotation/public?data=3&region=-1&section=52&type=hd
55,data2d/specimen_4/Specimen_4_55.tif,tif,4,16000,16000,,,https://brainportal.humanbrain.in/code/2dviewer/annotation/public?data=3&region=-1&section=55&type=hd
58,data2d/specimen_4/Specimen_4_58.tif,tif,4,16000,16000,,,https://brainportal.humanbrain.in/code/2dviewer/annotation/public?data=3&region=-1&section=58&type=hd
61,data2d/specimen_4/Specimen_4_61.tif,tif,4,16000,16000,,,https://brainportal.humanbrain.in/code/2dviewer/annotation/public?data=3&region=-1&section=61&type=hd
64,data2d/specimen_4/Specimen_4_64.tif,tif,4,16000,16000,,,https://brainportal.humanbrain.in/code/2dviewer/annotation/public?data=3&region=-1&section=64&type=hd
67,data2d/specimen_4/Specimen_4_67.tif,tif,4,16000,16000,,,https://brainportal.humanbrain.in/code/2dviewer/annotation/public?data=3&region=-1&section=67&type=hd
70,data2d/specimen_4/Specimen_4_70.tif,tif,1,64000,64000,https://dharani-fetal-brain-atlas.s3.us-west-2.amazonaws.com/data2d/specimen_4/Specimen_4_70.json,geojson,https://brainportal.humanbrain.in/code/2dviewer/annotation/public?data=3&region=-1&section=70
73,data2d/specimen_4/Specimen_4_73.tif,tif,4,16000,16000,,,https://brainportal.humanbrain.in/code/2dviewer/annotation/public?data=3&region=-1&section=73&type=hd
79,data2d/specimen_4/Specimen_4_79.tif,tif,4,16000,16000,,,https://brainportal.humanbrain.in/code/2dviewer/annotation/public?data=3&region=-1&section=79&type=hd
82,data2d/specimen_4/Specimen_4_82.tif,tif,4,16000,16000,,,https://brainportal.humanbrain.in/code/2dviewer/annotation/public?data=3&region=-1&section=82&type=hd
88,data2d/specimen_4/Specimen_4_88.tif,tif,4,16000,16000,,,https://brainportal.humanbrain.in/code/2dviewer/annotation/public?data=3&region=-1&section=88&type=hd
91,data2d/specimen_4/Specimen_4_91.tif,tif,4,16000,16000,,,https://brainportal.humanbrain.in/code/2dviewer/annotation/public?data=3&region=-1&section=91&type=hd
94,data2d/specimen_4/Specimen_4_94.tif,tif,4,16000,16000,,,https://brainportal.humanbrain.in/code/2dviewer/annotation/public?data=3&region=-1&section=94&type=hd
97,data2d/specimen_4/Specimen_4_97.tif,tif,4,16000,16000,,,https://brainportal.humanbrain.in/code/2dviewer/annotation/public?data=3&region=-1&section=97&type=hd
100,data2d/specimen_4/Specimen_4_100.tif,tif,4,16000,16000,,,https://brainportal.humanbrain.in/code/2dviewer/annotation/public?data=3&region=-1&section=100&type=hd
103,data2d/specimen_4/Specimen_4_103.tif,tif,4,16000,16000,,,https://brainportal.humanbrain.in/code/2dviewer/annotation/public?data=3&region=-1&section=103&type=hd
106,data2d/specimen_4/Specimen_4_106.tif,tif,4,16000,16000,,,https://brainportal.humanbrain.in/code/2dviewer/annotation/public?data=3&region=-1&section=106&type=hd
109,data2d/specimen_4/Specimen_4_109.tif,tif,4,16000,16000,,,https://brainportal.humanbrain.in/code/2dviewer/annotation/public?data=3&region=-1&section=109&type=hd
112,data2d/specimen_4/Specimen_4_112.tif,tif,1,64000,64000,https://dharani-fetal-brain-atlas.s3.us-west-2.amazonaws.com/data2d/specimen_4/Specimen_4_112.json,geojson,https://brainportal.humanbrain.in/code/2dviewer/annotation/public?data=3&region=-1&section=112
115,data2d/specimen_4/Specimen_4_115.tif,tif,4,16000,16000,,,https://brainportal.humanbrain.in/code/2dviewer/annotation/public?data=3&region=-1&section=115&type=hd
118,data2d/specimen_4/Specimen_4_118.tif,tif,4,16000,16000,,,https://brainportal.humanbrain.in/code/2dviewer/annotation/public?data=3&region=-1&section=118&type=hd
121,data2d/specimen_4/Specimen_4_121.tif,tif,4,16000,16000,,,https://brainportal.humanbrain.in/code/2dviewer/annotation/public?data=3&region=-1&section=121&type=hd
124,data2d/specimen_4/Specimen_4_124.tif,tif,4,16000,16000,,,https://brainportal.humanbrain.in/code/2dviewer/annotation/public?data=3&region=-1&section=124&type=hd
127,data2d/specimen_4/Specimen_4_127.tif,tif,4,16000,16000,,,https://brainportal.humanbrain.in/code/2dviewer/annotation/public?data=3&region=-1&section=127&type=hd
130,data2d/specimen_4/Specimen_4_130.tif,tif,4,16000,16000,,,https://brainportal.humanbrain.in/code/2dviewer/annotation/public?data=3&region=-1&section=130&type=hd
136,data2d/specimen_4/Specimen_4_136.tif,tif,4,16000,16000,,,https://brainportal.humanbrain.in/code/2dviewer/annotation/public?data=3&region=-1&section=136&type=hd
139,data2d/specimen_4/Specimen_4_139.tif,tif,4,16000,16000,,,https://brainportal.humanbrain.in/code/2dviewer/annotation/public?data=3&region=-1&section=139&type=hd
142,data2d/specimen_4/Specimen_4_142.tif,tif,4,16000,16000,,,https://brainportal.humanbrain.in/code/2dviewer/annotation/public?data=3&region=-1&section=142&type=hd
145,data2d/specimen_4/Specimen_4_145.tif,tif,4,16000,16000,,,https://brainportal.humanbrain.in/code/2dviewer/annotation/public?data=3&region=-1&section=145&type=hd
148,data2d/specimen_4/Specimen_4_148.tif,tif,1,64000,64000,https://dharani-fetal-brain-atlas.s3.us-west-2.amazonaws.com/data2d/specimen_4/Specimen_4_148.json,geojson,https://brainportal.humanbrain.in/code/2dviewer/annotation/public?data=3&region=-1&section=148
151,data2d/specimen_4/Specimen_4_151.tif,tif,4,16000,16000,,,https://brainportal.humanbrain.in/code/2dviewer/annotation/public?data=3&region=-1&section=151&type=hd
154,data2d/specimen_4/Specimen_4_154.tif,tif,4,16000,16000,,,https://brainportal.humanbrain.in/code/2dviewer/annotation/public?data=3&region=-1&section=154&type=hd
160,data2d/specimen_4/Specimen_4_160.tif,tif,1,64000,64000,https://dharani-fetal-brain-atlas.s3.us-west-2.amazonaws.com/data2d/specimen_4/Specimen_4_160.json,geojson,https://brainportal.humanbrain.in/code/2dviewer/annotation/public?data=3&region=-1&section=160
163,data2d/specimen_4/Specimen_4_163.tif,tif,4,16000,16000,,,https://brainportal.humanbrain.in/code/2dviewer/annotation/public?data=3&region=-1&section=163&type=hd
166,data2d/specimen_4/Specimen_4_166.tif,tif,4,16000,16000,,,https://brainportal.humanbrain.in/code/2dviewer/annotation/public?data=3&region=-1&section=166&type=hd
169,data2d/specimen_4/Specimen_4_169.tif,tif,4,16000,16000,,,https://brainportal.humanbrain.in/code/2dviewer/annotation/public?data=3&region=-1&section=169&type=hd
172,data2d/specimen_4/Specimen_4_172.tif,tif,4,16000,16000,,,https://brainportal.humanbrain.in/code/2dviewer/annotation/public?data=3&region=-1&section=172&type=hd
175,data2d/specimen_4/Specimen_4_175.tif,tif,4,16000,16000,,,https://brainportal.humanbrain.in/code/2dviewer/annotation/public?data=3&region=-1&section=175&type=hd
178,data2d/specimen_4/Specimen_4_178.tif,tif,4,16000,16000,,,https://brainportal.humanbrain.in/code/2dviewer/annotation/public?data=3&region=-1&section=178&type=hd
181,data2d/specimen_4/Specimen_4_181.tif,tif,4,16000,16000,,,https://brainportal.humanbrain.in/code/2dviewer/annotation/public?data=3&region=-1&section=181&type=hd
184,data2d/specimen_4/Specimen_4_184.tif,tif,1,64000,64000,https://dharani-fetal-brain-atlas.s3.us-west-2.amazonaws.com/data2d/specimen_4/Specimen_4_184.json,geojson,https://brainportal.humanbrain.in/code/2dviewer/annotation/public?data=3&region=-1&section=184
187,data2d/specimen_4/Specimen_4_187.tif,tif,4,16000,16000,,,https://brainportal.humanbrain.in/code/2dviewer/annotation/public?data=3&region=-1&section=187&type=hd
190,data2d/specimen_4/Specimen_4_190.tif,tif,4,16000,16000,,,https://brainportal.humanbrain.in/code/2dviewer/annotation/public?data=3&region=-1&section=190&type=hd
193,data2d/specimen_4/Specimen_4_193.tif,tif,4,16000,16000,,,https://brainportal.humanbrain.in/code/2dviewer/annotation/public?data=3&region=-1&section=193&type=hd
196,data2d/specimen_4/Specimen_4_196.tif,tif,4,16000,16000,,,https://brainportal.humanbrain.in/code/2dviewer/annotation/public?data=3&region=-1&section=196&type=hd
202,data2d/specimen_4/Specimen_4_202.tif,tif,4,16000,16000,,,https://brainportal.humanbrain.in/code/2dviewer/annotation/public?data=3&region=-1&section=202&type=hd
205,data2d/specimen_4/Specimen_4_205.tif,tif,4,16000,16000,,,https://brainportal.humanbrain.in/code/2dviewer/annotation/public?data=3&region=-1&section=205&type=hd
211,data2d/specimen_4/Specimen_4_211.tif,tif,4,16000,16000,,,https://brainportal.humanbrain.in/code/2dviewer/annotation/public?data=3&region=-1&section=211&type=hd
217,data2d/specimen_4/Specimen_4_217.tif,tif,4,16000,16000,,,https://brainportal.humanbrain.in/code/2dviewer/annotation/public?data=3&region=-1&section=217&type=hd
220,data2d/specimen_4/Specimen_4_220.tif,tif,4,16000,16000,,,https://brainportal.humanbrain.in/code/2dviewer/annotation/public?data=3&region=-1&section=220&type=hd
223,data2d/specimen_4/Specimen_4_223.tif,tif,1,64000,64000,https://dharani-fetal-brain-atlas.s3.us-west-2.amazonaws.com/data2d/specimen_4/Specimen_4_223.json,geojson,https://brainportal.humanbrain.in/code/2dviewer/annotation/public?data=3&region=-1&section=223
226,data2d/specimen_4/Specimen_4_226.tif,tif,4,16000,16000,,,https://brainportal.humanbrain.in/code/2dviewer/annotation/public?data=3&region=-1&section=226&type=hd
229,data2d/specimen_4/Specimen_4_229.tif,tif,4,16000,16000,,,https://brainportal.humanbrain.in/code/2dviewer/annotation/public?data=3&region=-1&section=229&type=hd
232,data2d/specimen_4/Specimen_4_232.tif,tif,4,16000,16000,,,https://brainportal.humanbrain.in/code/2dviewer/annotation/public?data=3&region=-1&section=232&type=hd
235,data2d/specimen_4/Specimen_4_235.tif,tif,4,16000,16000,,,https://brainportal.humanbrain.in/code/2dviewer/annotation/public?data=3&region=-1&section=235&type=hd
238,data2d/specimen_4/Specimen_4_238.tif,tif,4,16000,16000,,,https://brainportal.humanbrain.in/code/2dviewer/annotation/public?data=3&region=-1&section=238&type=hd
241,data2d/specimen_4/Specimen_4_241.tif,tif,4,16000,16000,,,https://brainportal.humanbrain.in/code/2dviewer/annotation/public?data=3&region=-1&section=241&type=hd
244,data2d/specimen_4/Specimen_4_244.tif,tif,4,16000,16000,,,https://brainportal.humanbrain.in/code/2dviewer/annotation/public?data=3&region=-1&section=244&type=hd
247,data2d/specimen_4/Specimen_4_247.tif,tif,1,64000,64000,https://dharani-fetal-brain-atlas.s3.us-west-2.amazonaws.com/data2d/specimen_4/Specimen_4_247.json,geojson,https://brainportal.humanbrain.in/code/2dviewer/annotation/public?data=3&region=-1&section=247
250,data2d/specimen_4/Specimen_4_250.tif,tif,4,16000,16000,,,https://brainportal.humanbrain.in/code/2dviewer/annotation/public?data=3&region=-1&section=250&type=hd
253,data2d/specimen_4/Specimen_4_253.tif,tif,4,16000,16000,,,https://brainportal.humanbrain.in/code/2dviewer/annotation/public?data=3&region=-1&section=253&type=hd
256,data2d/specimen_4/Specimen_4_256.tif,tif,4,16000,16000,,,https://brainportal.humanbrain.in/code/2dviewer/annotation/public?data=3&region=-1&section=256&type=hd
259,data2d/specimen_4/Specimen_4_259.tif,tif,4,16000,16000,,,https://brainportal.humanbrain.in/code/2dviewer/annotation/public?data=3&region=-1&section=259&type=hd
262,data2d/specimen_4/Specimen_4_262.tif,tif,4,16000,16000,,,https://brainportal.humanbrain.in/code/2dviewer/annotation/public?data=3&region=-1&section=262&type=hd
268,data2d/specimen_4/Specimen_4_268.tif,tif,1,64000,64000,https://dharani-fetal-brain-atlas.s3.us-west-2.amazonaws.com/data2d/specimen_4/Specimen_4_268.json,geojson,https://brainportal.humanbrain.in/code/2dviewer/annotation/public?data=3&region=-1&section=268
271,data2d/specimen_4/Specimen_4_271.tif,tif,4,16000,16000,,,https://brainportal.humanbrain.in/code/2dviewer/annotation/public?data=3&region=-1&section=271&type=hd
277,data2d/specimen_4/Specimen_4_277.tif,tif,4,16000,16000,,,https://brainportal.humanbrain.in/code/2dviewer/annotation/public?data=3&region=-1&section=277&type=hd
280,data2d/specimen_4/Specimen_4_280.tif,tif,4,16000,16000,,,https://brainportal.humanbrain.in/code/2dviewer/annotation/public?data=3&region=-1&section=280&type=hd
283,data2d/specimen_4/Specimen_4_283.tif,tif,4,16000,16000,,,https://brainportal.humanbrain.in/code/2dviewer/annotation/public?data=3&region=-1&section=283&type=hd
286,data2d/specimen_4/Specimen_4_286.tif,tif,4,16000,16000,,,https://brainportal.humanbrain.in/code/2dviewer/annotation/public?data=3&region=-1&section=286&type=hd
289,data2d/specimen_4/Specimen_4_289.tif,tif,1,64000,64000,https://dharani-fetal-brain-atlas.s3.us-west-2.amazonaws.com/data2d/specimen_4/Specimen_4_289.json,geojson,https://brainportal.humanbrain.in/code/2dviewer/annotation/public?data=3&region=-1&section=289
292,data2d/specimen_4/Specimen_4_292.tif,tif,4,16000,16000,,,https://brainportal.humanbrain.in/code/2dviewer/annotation/public?data=3&region=-1&section=292&type=hd
295,data2d/specimen_4/Specimen_4_295.tif,tif,4,16000,16000,,,https://brainportal.humanbrain.in/code/2dviewer/annotation/public?data=3&region=-1&section=295&type=hd
298,data2d/specimen_4/Specimen_4_298.tif,tif,4,16000,16000,,,https://brainportal.humanbrain.in/code/2dviewer/annotation/public?data=3&region=-1&section=298&type=hd
301,data2d/specimen_4/Specimen_4_301.tif,tif,4,16000,16000,,,https://brainportal.humanbrain.in/code/2dviewer/annotation/public?data=3&region=-1&section=301&type=hd
304,data2d/specimen_4/Specimen_4_304.tif,tif,4,16000,16000,,,https://brainportal.humanbrain.in/code/2dviewer/annotation/public?data=3&region=-1&section=304&type=hd
307,data2d/specimen_4/Specimen_4_307.tif,tif,4,16000,16000,,,https://brainportal.humanbrain.in/code/2dviewer/annotation/public?data=3&region=-1&section=307&type=hd
310,data2d/specimen_4/Specimen_4_310.tif,tif,1,64000,64000,https://dharani-fetal-brain-atlas.s3.us-west-2.amazonaws.com/data2d/specimen_4/Specimen_4_310.json,geojson,https://brainportal.humanbrain.in/code/2dviewer/annotation/public?data=3&region=-1&section=310
313,data2d/specimen_4/Specimen_4_313.tif,tif,4,16000,16000,,,https://brainportal.humanbrain.in/code/2dviewer/annotation/public?data=3&region=-1&section=313&type=hd
319,data2d/specimen_4/Specimen_4_319.tif,tif,4,16000,16000,,,https://brainportal.humanbrain.in/code/2dviewer/annotation/public?data=3&region=-1&section=319&type=hd
322,data2d/specimen_4/Specimen_4_322.tif,tif,4,16000,16000,,,https://brainportal.humanbrain.in/code/2dviewer/annotation/public?data=3&region=-1&section=322&type=hd
325,data2d/specimen_4/Specimen_4_325.tif,tif,4,16000,16000,,,https://brainportal.humanbrain.in/code/2dviewer/annotation/public?data=3&region=-1&section=325&type=hd
328,data2d/specimen_4/Specimen_4_328.tif,tif,4,16000,16000,,,https://brainportal.humanbrain.in/code/2dviewer/annotation/public?data=3&region=-1&section=328&type=hd
331,data2d/specimen_4/Specimen_4_331.tif,tif,1,64000,64000,https://dharani-fetal-brain-atlas.s3.us-west-2.amazonaws.com/data2d/specimen_4/Specimen_4_331.json,geojson,https://brainportal.humanbrain.in/code/2dviewer/annotation/public?data=3&region=-1&section=331
337,data2d/specimen_4/Specimen_4_337.tif,tif,4,16000,16000,,,https://brainportal.humanbrain.in/code/2dviewer/annotation/public?data=3&region=-1&section=337&type=hd
343,data2d/specimen_4/Specimen_4_343.tif,tif,4,16000,16000,,,https://brainportal.humanbrain.in/code/2dviewer/annotation/public?data=3&region=-1&section=343&type=hd
346,data2d/specimen_4/Specimen_4_346.tif,tif,4,16000,16000,,,https://brainportal.humanbrain.in/code/2dviewer/annotation/public?data=3&region=-1&section=346&type=hd
349,data2d/specimen_4/Specimen_4_349.tif,tif,4,16000,16000,,,https://brainportal.humanbrain.in/code/2dviewer/annotation/public?data=3&region=-1&section=349&type=hd
352,data2d/specimen_4/Specimen_4_352.tif,tif,4,16000,16000,,,https://brainportal.humanbrain.in/code/2dviewer/annotation/public?data=3&region=-1&section=352&type=hd
358,data2d/specimen_4/Specimen_4_358.tif,tif,1,64000,64000,https://dharani-fetal-brain-atlas.s3.us-west-2.amazonaws.com/data2d/specimen_4/Specimen_4_358.json,geojson,https://brainportal.humanbrain.in/code/2dviewer/annotation/public?data=3&region=-1&section=358
361,data2d/specimen_4/Specimen_4_361.tif,tif,4,16000,16000,,,https://brainportal.humanbrain.in/code/2dviewer/annotation/public?data=3&region=-1&section=361&type=hd
364,data2d/specimen_4/Specimen_4_364.tif,tif,4,16000,16000,,,https://brainportal.humanbrain.in/code/2dviewer/annotation/public?data=3&region=-1&section=364&type=hd
367,data2d/specimen_4/Specimen_4_367.tif,tif,4,16000,16000,,,https://brainportal.humanbrain.in/code/2dviewer/annotation/public?data=3&region=-1&section=367&type=hd
370,data2d/specimen_4/Specimen_4_370.tif,tif,4,16000,16000,,,https://brainportal.humanbrain.in/code/2dviewer/annotation/public?data=3&region=-1&section=370&type=hd
373,data2d/specimen_4/Specimen_4_373.tif,tif,4,16000,16000,,,https://brainportal.humanbrain.in/code/2dviewer/annotation/public?data=3&region=-1&section=373&type=hd
376,data2d/specimen_4/Specimen_4_376.tif,tif,1,64000,64000,https://dharani-fetal-brain-atlas.s3.us-west-2.amazonaws.com/data2d/specimen_4/Specimen_4_376.json,geojson,https://brainportal.humanbrain.in/code/2dviewer/annotation/public?data=3&region=-1&section=376
379,data2d/specimen_4/Specimen_4_379.tif,tif,4,16000,16000,,,https://brainportal.humanbrain.in/code/2dviewer/annotation/public?data=3&region=-1&section=379&type=hd
382,data2d/specimen_4/Specimen_4_382.tif,tif,4,16000,16000,,,https://brainportal.humanbrain.in/code/2dviewer/annotation/public?data=3&region=-1&section=382&type=hd
385,data2d/specimen_4/Specimen_4_385.tif,tif,1,64000,64000,https://dharani-fetal-brain-atlas.s3.us-west-2.amazonaws.com/data2d/specimen_4/Specimen_4_385.json,geojson,https://brainportal.humanbrain.in/code/2dviewer/annotation/public?data=3&region=-1&section=385
388,data2d/specimen_4/Specimen_4_388.tif,tif,4,16000,16000,,,https://brainportal.humanbrain.in/code/2dviewer/annotation/public?data=3&region=-1&section=388&type=hd
394,data2d/specimen_4/Specimen_4_394.tif,tif,4,16000,16000,,,https://brainportal.humanbrain.in/code/2dviewer/annotation/public?data=3&region=-1&section=394&type=hd
397,data2d/specimen_4/Specimen_4_397.tif,tif,4,16000,16000,,,https://brainportal.humanbrain.in/code/2dviewer/annotation/public?data=3&region=-1&section=397&type=hd
400,data2d/specimen_4/Specimen_4_400.tif,tif,4,16000,16000,,,https://brainportal.humanbrain.in/code/2dviewer/annotation/public?data=3&region=-1&section=400&type=hd
403,data2d/specimen_4/Specimen_4_403.tif,tif,1,64000,64000,https://dharani-fetal-brain-atlas.s3.us-west-2.amazonaws.com/data2d/specimen_4/Specimen_4_403.json,geojson,https://brainportal.humanbrain.in/code/2dviewer/annotation/public?data=3&region=-1&section=403
406,data2d/specimen_4/Specimen_4_406.tif,tif,4,16000,16000,,,https://brainportal.humanbrain.in/code/2dviewer/annotation/public?data=3&region=-1&section=406&type=hd
409,data2d/specimen_4/Specimen_4_409.tif,tif,4,16000,16000,,,https://brainportal.humanbrain.in/code/2dviewer/annotation/public?data=3&region=-1&section=409&type=hd
412,data2d/specimen_4/Specimen_4_412.tif,tif,4,16000,16000,,,https://brainportal.humanbrain.in/code/2dviewer/annotation/public?data=3&region=-1&section=412&type=hd
415,data2d/specimen_4/Specimen_4_415.tif,tif,4,16000,16000,,,https://brainportal.humanbrain.in/code/2dviewer/annotation/public?data=3&region=-1&section=415&type=hd
418,data2d/specimen_4/Specimen_4_418.tif,tif,1,64000,64000,https://dharani-fetal-brain-atlas.s3.us-west-2.amazonaws.com/data2d/specimen_4/Specimen_4_418.json,geojson,https://brainportal.humanbrain.in/code/2dviewer/annotation/public?data=3&region=-1&section=418
421,data2d/specimen_4/Specimen_4_421.tif,tif,4,16000,16000,,,https://brainportal.humanbrain.in/code/2dviewer/annotation/public?data=3&region=-1&section=421&type=hd
424,data2d/specimen_4/Specimen_4_424.tif,tif,4,16000,16000,,,https://brainportal.humanbrain.in/code/2dviewer/annotation/public?data=3&region=-1&section=424&type=hd
427,data2d/specimen_4/Specimen_4_427.tif,tif,4,16000,16000,,,https://brainportal.humanbrain.in/code/2dviewer/annotation/public?data=3&region=-1&section=427&type=hd
430,data2d/specimen_4/Specimen_4_430.tif,tif,4,16000,16000,,,https://brainportal.humanbrain.in/code/2dviewer/annotation/public?data=3&region=-1&section=430&type=hd
433,data2d/specimen_4/Specimen_4_433.tif,tif,4,16000,16000,,,https://brainportal.humanbrain.in/code/2dviewer/annotation/public?data=3&region=-1&section=433&type=hd
436,data2d/specimen_4/Specimen_4_436.tif,tif,1,64000,64000,https://dharani-fetal-brain-atlas.s3.us-west-2.amazonaws.com/data2d/specimen_4/Specimen_4_436.json,geojson,https://brainportal.humanbrain.in/code/2dviewer/annotation/public?data=3&region=-1&section=436
439,data2d/specimen_4/Specimen_4_439.tif,tif,4,16000,16000,,,https://brainportal.humanbrain.in/code/2dviewer/annotation/public?data=3&region=-1&section=439&type=hd
445,data2d/specimen_4/Specimen_4_445.tif,tif,1,64000,64000,https://dharani-fetal-brain-atlas.s3.us-west-2.amazonaws.com/data2d/specimen_4/Specimen_4_445.json,geojson,https://brainportal.humanbrain.in/code/2dviewer/annotation/public?data=3&region=-1&section=445
448,data2d/specimen_4/Specimen_4_448.tif,tif,4,16000,16000,,,https://brainportal.humanbrain.in/code/2dviewer/annotation/public?data=3&region=-1&section=448&type=hd
454,data2d/specimen_4/Specimen_4_454.tif,tif,4,16000,16000,,,https://brainportal.humanbrain.in/code/2dviewer/annotation/public?data=3&region=-1&section=454&type=hd
457,data2d/specimen_4/Specimen_4_457.tif,tif,4,16000,16000,,,https://brainportal.humanbrain.in/code/2dviewer/annotation/public?data=3&region=-1&section=457&type=hd
463,data2d/specimen_4/Specimen_4_463.tif,tif,1,64000,64000,https://dharani-fetal-brain-atlas.s3.us-west-2.amazonaws.com/data2d/specimen_4/Specimen_4_463.json,geojson,https://brainportal.humanbrain.in/code/2dviewer/annotation/public?data=3&region=-1&section=463
466,data2d/specimen_4/Specimen_4_466.tif,tif,4,16000,16000,,,https://brainportal.humanbrain.in/code/2dviewer/annotation/public?data=3&region=-1&section=466&type=hd
469,data2d/specimen_4/Specimen_4_469.tif,tif,4,16000,16000,,,https://brainportal.humanbrain.in/code/2dviewer/annotation/public?data=3&region=-1&section=469&type=hd
472,data2d/specimen_4/Specimen_4_472.tif,tif,4,16000,16000,,,https://brainportal.humanbrain.in/code/2dviewer/annotation/public?data=3&region=-1&section=472&type=hd
478,data2d/specimen_4/Specimen_4_478.tif,tif,4,16000,16000,,,https://brainportal.humanbrain.in/code/2dviewer/annotation/public?data=3&region=-1&section=478&type=hd
481,data2d/specimen_4/Specimen_4_481.tif,tif,1,64000,64000,https://dharani-fetal-brain-atlas.s3.us-west-2.amazonaws.com/data2d/specimen_4/Specimen_4_481.json,geojson,https://brainportal.humanbrain.in/code/2dviewer/annotation/public?data=3&region=-1&section=481
490,data2d/specimen_4/Specimen_4_490.tif,tif,4,16000,16000,,,https://brainportal.humanbrain.in/code/2dviewer/annotation/public?data=3&region=-1&section=490&type=hd
499,data2d/specimen_4/Specimen_4_499.tif,tif,4,16000,16000,,,https://brainportal.humanbrain.in/code/2dviewer/annotation/public?data=3&region=-1&section=499&type=hd
502,data2d/specimen_4/Specimen_4_502.tif,tif,1,64000,64000,https://dharani-fetal-brain-atlas.s3.us-west-2.amazonaws.com/data2d/specimen_4/Specimen_4_502.json,geojson,https://brainportal.humanbrain.in/code/2dviewer/annotation/public?data=3&region=-1&section=502
508,data2d/specimen_4/Specimen_4_508.tif,tif,4,16000,16000,,,https://brainportal.humanbrain.in/code/2dviewer/annotation/public?data=3&region=-1&section=508&type=hd
511,data2d/specimen_4/Specimen_4_511.tif,tif,1,64000,64000,https://dharani-fetal-brain-atlas.s3.us-west-2.amazonaws.com/data2d/specimen_4/Specimen_4_511.json,geojson,https://brainportal.humanbrain.in/code/2dviewer/annotation/public?data=3&region=-1&section=511
523,data2d/specimen_4/Specimen_4_523.tif,tif,4,16000,16000,,,https://brainportal.humanbrain.in/code/2dviewer/annotation/public?data=3&region=-1&section=523&type=hd
526,data2d/specimen_4/Specimen_4_526.tif,tif,4,16000,16000,,,https://brainportal.humanbrain.in/code/2dviewer/annotation/public?data=3&region=-1&section=526&type=hd
529,data2d/specimen_4/Specimen_4_529.tif,tif,4,16000,16000,,,https://brainportal.humanbrain.in/code/2dviewer/annotation/public?data=3&region=-1&section=529&type=hd
532,data2d/specimen_4/Specimen_4_532.tif,tif,4,16000,16000,,,https://brainportal.humanbrain.in/code/2dviewer/annotation/public?data=3&region=-1&section=532&type=hd
541,data2d/specimen_4/Specimen_4_541.tif,tif,1,64000,64000,https://dharani-fetal-brain-atlas.s3.us-west-2.amazonaws.com/data2d/specimen_4/Specimen_4_541.json,geojson,https://brainportal.humanbrain.in/code/2dviewer/annotation/public?data=3&region=-1&section=541
544,data2d/specimen_4/Specimen_4_544.tif,tif,4,16000,16000,,,https://brainportal.humanbrain.in/code/2dviewer/annotation/public?data=3&region=-1&section=544&type=hd
547,data2d/specimen_4/Specimen_4_547.tif,tif,4,16000,16000,,,https://brainportal.humanbrain.in/code/2dviewer/annotation/public?data=3&region=-1&section=547&type=hd
550,data2d/specimen_4/Specimen_4_550.tif,tif,4,16000,16000,,,https://brainportal.humanbrain.in/code/2dviewer/annotation/public?data=3&region=-1&section=550&type=hd
553,data2d/specimen_4/Specimen_4_553.tif,tif,4,16000,16000,,,https://brainportal.humanbrain.in/code/2dviewer/annotation/public?data=3&region=-1&section=553&type=hd
556,data2d/specimen_4/Specimen_4_556.tif,tif,1,64000,64000,https://dharani-fetal-brain-atlas.s3.us-west-2.amazonaws.com/data2d/specimen_4/Specimen_4_556.json,geojson,https://brainportal.humanbrain.in/code/2dviewer/annotation/public?data=3&region=-1&section=556
559,data2d/specimen_4/Specimen_4_559.tif,tif,4,16000,16000,,,https://brainportal.humanbrain.in/code/2dviewer/annotation/public?data=3&region=-1&section=559&type=hd
562,data2d/specimen_4/Specimen_4_562.tif,tif,4,16000,16000,,,https://brainportal.humanbrain.in/code/2dviewer/annotation/public?data=3&region=-1&section=562&type=hd
565,data2d/specimen_4/Specimen_4_565.tif,tif,4,16000,16000,,,https://brainportal.humanbrain.in/code/2dviewer/annotation/public?data=3&region=-1&section=565&type=hd
568,data2d/specimen_4/Specimen_4_568.tif,tif,4,16000,16000,,,https://brainportal.humanbrain.in/code/2dviewer/annotation/public?data=3&region=-1&section=568&type=hd
571,data2d/specimen_4/Specimen_4_571.tif,tif,4,16000,16000,,,https://brainportal.humanbrain.in/code/2dviewer/annotation/public?data=3&region=-1&section=571&type=hd
574,data2d/specimen_4/Specimen_4_574.tif,tif,4,16000,16000,,,https://brainportal.humanbrain.in/code/2dviewer/annotation/public?data=3&region=-1&section=574&type=hd
577,data2d/specimen_4/Specimen_4_577.tif,tif,1,64000,64000,https://dharani-fetal-brain-atlas.s3.us-west-2.amazonaws.com/data2d/specimen_4/Specimen_4_577.json,geojson,https://brainportal.humanbrain.in/code/2dviewer/annotation/public?data=3&region=-1&section=577
580,data2d/specimen_4/Specimen_4_580.tif,tif,4,16000,16000,,,https://brainportal.humanbrain.in/code/2dviewer/annotation/public?data=3&region=-1&section=580&type=hd
583,data2d/specimen_4/Specimen_4_583.tif,tif,4,16000,16000,,,https://brainportal.humanbrain.in/code/2dviewer/annotation/public?data=3&region=-1&section=583&type=hd
586,data2d/specimen_4/Specimen_4_586.tif,tif,4,16000,16000,,,https://brainportal.humanbrain.in/code/2dviewer/annotation/public?data=3&region=-1&section=586&type=hd
589,data2d/specimen_4/Specimen_4_589.tif,tif,1,64000,64000,https://dharani-fetal-brain-atlas.s3.us-west-2.amazonaws.com/data2d/specimen_4/Specimen_4_589.json,geojson,https://brainportal.humanbrain.in/code/2dviewer/annotation/public?data=3&region=-1&section=589
592,data2d/specimen_4/Specimen_4_592.tif,tif,4,16000,16000,,,https://brainportal.humanbrain.in/code/2dviewer/annotation/public?data=3&region=-1&section=592&type=hd
598,data2d/specimen_4/Specimen_4_598.tif,tif,4,16000,16000,,,https://brainportal.humanbrain.in/code/2dviewer/annotation/public?data=3&region=-1&section=598&type=hd
601,data2d/specimen_4/Specimen_4_601.tif,tif,4,16000,16000,,,https://brainportal.humanbrain.in/code/2dviewer/annotation/public?data=3&region=-1&section=601&type=hd
604,data2d/specimen_4/Specimen_4_604.tif,tif,4,16000,16000,,,https://brainportal.humanbrain.in/code/2dviewer/annotation/public?data=3&region=-1&section=604&type=hd
607,data2d/specimen_4/Specimen_4_607.tif,tif,4,16000,16000,,,https://brainportal.humanbrain.in/code/2dviewer/annotation/public?data=3&region=-1&section=607&type=hd
613,data2d/specimen_4/Specimen_4_613.tif,tif,4,16000,16000,,,https://brainportal.humanbrain.in/code/2dviewer/annotation/public?data=3&region=-1&section=613&type=hd
616,data2d/specimen_4/Specimen_4_616.tif,tif,1,64000,64000,https://dharani-fetal-brain-atlas.s3.us-west-2.amazonaws.com/data2d/specimen_4/Specimen_4_616.json,geojson,https://brainportal.humanbrain.in/code/2dviewer/annotation/public?data=3&region=-1&section=616
622,data2d/specimen_4/Specimen_4_622.tif,tif,4,16000,16000,,,https://brainportal.humanbrain.in/code/2dviewer/annotation/public?data=3&region=-1&section=622&type=hd
628,data2d/specimen_4/Specimen_4_628.tif,tif,4,16000,16000,,,https://brainportal.humanbrain.in/code/2dviewer/annotation/public?data=3&region=-1&section=628&type=hd
631,data2d/specimen_4/Specimen_4_631.tif,tif,4,16000,16000,,,https://brainportal.humanbrain.in/code/2dviewer/annotation/public?data=3&region=-1&section=631&type=hd
634,data2d/specimen_4/Specimen_4_634.tif,tif,1,64000,64000,https://dharani-fetal-brain-atlas.s3.us-west-2.amazonaws.com/data2d/specimen_4/Specimen_4_634.json,geojson,https://brainportal.humanbrain.in/code/2dviewer/annotation/public?data=3&region=-1&section=634
640,data2d/specimen_4/Specimen_4_640.tif,tif,4,16000,16000,,,https://brainportal.humanbrain.in/code/2dviewer/annotation/public?data=3&region=-1&section=640&type=hd
643,data2d/specimen_4/Specimen_4_643.tif,tif,4,16000,16000,,,https://brainportal.humanbrain.in/code/2dviewer/annotation/public?data=3&region=-1&section=643&type=hd
646,data2d/specimen_4/Specimen_4_646.tif,tif,1,64000,64000,https://dharani-fetal-brain-atlas.s3.us-west-2.amazonaws.com/data2d/specimen_4/Specimen_4_646.json,geojson,https://brainportal.humanbrain.in/code/2dviewer/annotation/public?data=3&region=-1&section=646
649,data2d/specimen_4/Specimen_4_649.tif,tif,4,16000,16000,,,https://brainportal.humanbrain.in/code/2dviewer/annotation/public?data=3&region=-1&section=649&type=hd
652,data2d/specimen_4/Specimen_4_652.tif,tif,4,16000,16000,,,https://brainportal.humanbrain.in/code/2dviewer/annotation/public?data=3&region=-1&section=652&type=hd
655,data2d/specimen_4/Specimen_4_655.tif,tif,4,16000,16000,,,https://brainportal.humanbrain.in/code/2dviewer/annotation/public?data=3&region=-1&section=655&type=hd
658,data2d/specimen_4/Specimen_4_658.tif,tif,4,16000,16000,,,https://brainportal.humanbrain.in/code/2dviewer/annotation/public?data=3&region=-1&section=658&type=hd
664,data2d/specimen_4/Specimen_4_664.tif,tif,1,64000,64000,https://dharani-fetal-brain-atlas.s3.us-west-2.amazonaws.com/data2d/specimen_4/Specimen_4_664.json,geojson,https://brainportal.humanbrain.in/code/2dviewer/annotation/public?data=3&region=-1&section=664
670,data2d/specimen_4/Specimen_4_670.tif,tif,4,16000,16000,,,https://brainportal.humanbrain.in/code/2dviewer/annotation/public?data=3&region=-1&section=670&type=hd
676,data2d/specimen_4/Specimen_4_676.tif,tif,4,16000,16000,,,https://brainportal.humanbrain.in/code/2dviewer/annotation/public?data=3&region=-1&section=676&type=hd
679,data2d/specimen_4/Specimen_4_679.tif,tif,4,16000,16000,,,https://brainportal.humanbrain.in/code/2dviewer/annotation/public?data=3&region=-1&section=679&type=hd
682,data2d/specimen_4/Specimen_4_682.tif,tif,4,16000,16000,,,https://brainportal.humanbrain.in/code/2dviewer/annotation/public?data=3&region=-1&section=682&type=hd
685,data2d/specimen_4/Specimen_4_685.tif,tif,1,64000,64000,https://dharani-fetal-brain-atlas.s3.us-west-2.amazonaws.com/data2d/specimen_4/Specimen_4_685.json,geojson,https://brainportal.humanbrain.in/code/2dviewer/annotation/public?data=3&region=-1&section=685
688,data2d/specimen_4/Specimen_4_688.tif,tif,4,16000,16000,,,https://brainportal.humanbrain.in/code/2dviewer/annotation/public?data=3&region=-1&section=688&type=hd
691,data2d/specimen_4/Specimen_4_691.tif,tif,4,16000,16000,,,https://brainportal.humanbrain.in/code/2dviewer/annotation/public?data=3&region=-1&section=691&type=hd
694,data2d/specimen_4/Specimen_4_694.tif,tif,4,16000,16000,,,https://brainportal.humanbrain.in/code/2dviewer/annotation/public?data=3&region=-1&section=694&type=hd
700,data2d/specimen_4/Specimen_4_700.tif,tif,4,16000,16000,,,https://brainportal.humanbrain.in/code/2dviewer/annotation/public?data=3&region=-1&section=700&type=hd
703,data2d/specimen_4/Specimen_4_703.tif,tif,1,64000,64000,https://dharani-fetal-brain-atlas.s3.us-west-2.amazonaws.com/data2d/specimen_4/Specimen_4_703.json,geojson,https://brainportal.humanbrain.in/code/2dviewer/annotation/public?data=3&region=-1&section=703
706,data2d/specimen_4/Specimen_4_706.tif,tif,4,16000,16000,,,https://brainportal.humanbrain.in/code/2dviewer/annotation/public?data=3&region=-1&section=706&type=hd
709,data2d/specimen_4/Specimen_4_709.tif,tif,4,16000,16000,,,https://brainportal.humanbrain.in/code/2dviewer/annotation/public?data=3&region=-1&section=709&type=hd
712,data2d/specimen_4/Specimen_4_712.tif,tif,4,16000,16000,,,https://brainportal.humanbrain.in/code/2dviewer/annotation/public?data=3&region=-1&section=712&type=hd
715,data2d/specimen_4/Specimen_4_715.tif,tif,4,16000,16000,,,https://brainportal.humanbrain.in/code/2dviewer/annotation/public?data=3&region=-1&section=715&type=hd
721,data2d/specimen_4/Specimen_4_721.tif,tif,1,64000,64000,https://dharani-fetal-brain-atlas.s3.us-west-2.amazonaws.com/data2d/specimen_4/Specimen_4_721.json,geojson,https://brainportal.humanbrain.in/code/2dviewer/annotation/public?data=3&region=-1&section=721
724,data2d/specimen_4/Specimen_4_724.tif,tif,4,16000,16000,,,https://brainportal.humanbrain.in/code/2dviewer/annotation/public?data=3&region=-1&section=724&type=hd
727,data2d/specimen_4/Specimen_4_727.tif,tif,4,16000,16000,,,https://brainportal.humanbrain.in/code/2dviewer/annotation/public?data=3&region=-1&section=727&type=hd
730,data2d/specimen_4/Specimen_4_730.tif,tif,4,16000,16000,,,https://brainportal.humanbrain.in/code/2dviewer/annotation/public?data=3&region=-1&section=730&type=hd
733,data2d/specimen_4/Specimen_4_733.tif,tif,4,16000,16000,,,https://brainportal.humanbrain.in/code/2dviewer/annotation/public?data=3&region=-1&section=733&type=hd
736,data2d/specimen_4/Specimen_4_736.tif,tif,4,16000,16000,,,https://brainportal.humanbrain.in/code/2dviewer/annotation/public?data=3&region=-1&section=736&type=hd
739,data2d/specimen_4/Specimen_4_739.tif,tif,1,64000,64000,https://dharani-fetal-brain-atlas.s3.us-west-2.amazonaws.com/data2d/specimen_4/Specimen_4_739.json,geojson,https://brainportal.humanbrain.in/code/2dviewer/annotation/public?data=3&region=-1&section=739
742,data2d/specimen_4/Specimen_4_742.tif,tif,4,16000,16000,,,https://brainportal.humanbrain.in/code/2dviewer/annotation/public?data=3&region=-1&section=742&type=hd
745,data2d/specimen_4/Specimen_4_745.tif,tif,4,16000,16000,,,https://brainportal.humanbrain.in/code/2dviewer/annotation/public?data=3&region=-1&section=745&type=hd
748,data2d/specimen_4/Specimen_4_748.tif,tif,4,16000,16000,,,https://brainportal.humanbrain.in/code/2dviewer/annotation/public?data=3&region=-1&section=748&type=hd
751,data2d/specimen_4/Specimen_4_751.tif,tif,4,16000,16000,,,https://brainportal.humanbrain.in/code/2dviewer/annotation/public?data=3&region=-1&section=751&type=hd
757,data2d/specimen_4/Specimen_4_757.tif,tif,4,16000,16000,,,https://brainportal.humanbrain.in/code/2dviewer/annotation/public?data=3&region=-1&section=757&type=hd
760,data2d/specimen_4/Specimen_4_760.tif,tif,4,16000,16000,,,https://brainportal.humanbrain.in/code/2dviewer/annotation/public?data=3&region=-1&section=760&type=hd
763,data2d/specimen_4/Specimen_4_763.tif,tif,4,16000,16000,,,https://brainportal.humanbrain.in/code/2dviewer/annotation/public?data=3&region=-1&section=763&type=hd
766,data2d/specimen_4/Specimen_4_766.tif,tif,1,64000,64000,https://dharani-fetal-brain-atlas.s3.us-west-2.amazonaws.com/data2d/specimen_4/Specimen_4_766.json,geojson,https://brainportal.humanbrain.in/code/2dviewer/annotation/public?data=3&region=-1&section=766
769,data2d/specimen_4/Specimen_4_769.tif,tif,4,16000,16000,,,https://brainportal.humanbrain.in/code/2dviewer/annotation/public?data=3&region=-1&section=769&type=hd
772,data2d/specimen_4/Specimen_4_772.tif,tif,4,16000,16000,,,https://brainportal.humanbrain.in/code/2dviewer/annotation/public?data=3&region=-1&section=772&type=hd
775,data2d/specimen_4/Specimen_4_775.tif,tif,4,16000,16000,,,https://brainportal.humanbrain.in/code/2dviewer/annotation/public?data=3&region=-1&section=775&type=hd
778,data2d/specimen_4/Specimen_4_778.tif,tif,4,16000,16000,,,https://brainportal.humanbrain.in/code/2dviewer/annotation/public?data=3&region=-1&section=778&type=hd
781,data2d/specimen_4/Specimen_4_781.tif,tif,4,16000,16000,,,https://brainportal.humanbrain.in/code/2dviewer/annotation/public?data=3&region=-1&section=781&type=hd
784,data2d/specimen_4/Specimen_4_784.tif,tif,4,16000,16000,,,https://brainportal.humanbrain.in/code/2dviewer/annotation/public?data=3&region=-1&section=784&type=hd
787,data2d/specimen_4/Specimen_4_787.tif,tif,1,64000,64000,https://dharani-fetal-brain-atlas.s3.us-west-2.amazonaws.com/data2d/specimen_4/Specimen_4_787.json,geojson,https://brainportal.humanbrain.in/code/2dviewer/annotation/public?data=3&region=-1&section=787
796,data2d/specimen_4/Specimen_4_796.tif,tif,4,16000,16000,,,https://brainportal.humanbrain.in/code/2dviewer/annotation/public?data=3&region=-1&section=796&type=hd
802,data2d/specimen_4/Specimen_4_802.tif,tif,4,16000,16000,,,https://brainportal.humanbrain.in/code/2dviewer/annotation/public?data=3&region=-1&section=802&type=hd
805,data2d/specimen_4/Specimen_4_805.tif,tif,4,16000,16000,,,https://brainportal.humanbrain.in/code/2dviewer/annotation/public?data=3&region=-1&section=805&type=hd
808,data2d/specimen_4/Specimen_4_808.tif,tif,4,16000,16000,,,https://brainportal.humanbrain.in/code/2dviewer/annotation/public?data=3&region=-1&section=808&type=hd
811,data2d/specimen_4/Specimen_4_811.tif,tif,1,64000,64000,https://dharani-fetal-brain-atlas.s3.us-west-2.amazonaws.com/data2d/specimen_4/Specimen_4_811.json,geojson,https://brainportal.humanbrain.in/code/2dviewer/annotation/public?data=3&region=-1&section=811
814,data2d/specimen_4/Specimen_4_814.tif,tif,4,16000,16000,,,https://brainportal.humanbrain.in/code/2dviewer/annotation/public?data=3&region=-1&section=814&type=hd
826,data2d/specimen_4/Specimen_4_826.tif,tif,4,16000,16000,,,https://brainportal.humanbrain.in/code/2dviewer/annotation/public?data=3&region=-1&section=826&type=hd
829,data2d/specimen_4/Specimen_4_829.tif,tif,1,64000,64000,https://dharani-fetal-brain-atlas.s3.us-west-2.amazonaws.com/data2d/specimen_4/Specimen_4_829.json,geojson,https://brainportal.humanbrain.in/code/2dviewer/annotation/public?data=3&region=-1&section=829
835,data2d/specimen_4/Specimen_4_835.tif,tif,4,16000,16000,,,https://brainportal.humanbrain.in/code/2dviewer/annotation/public?data=3&region=-1&section=835&type=hd
838,data2d/specimen_4/Specimen_4_838.tif,tif,4,16000,16000,,,https://brainportal.humanbrain.in/code/2dviewer/annotation/public?data=3&region=-1&section=838&type=hd
841,data2d/specimen_4/Specimen_4_841.tif,tif,4,16000,16000,,,https://brainportal.humanbrain.in/code/2dviewer/annotation/public?data=3&region=-1&section=841&type=hd
844,data2d/specimen_4/Specimen_4_844.tif,tif,4,16000,16000,,,https://brainportal.humanbrain.in/code/2dviewer/annotation/public?data=3&region=-1&section=844&type=hd
847,data2d/specimen_4/Specimen_4_847.tif,tif,4,16000,16000,,,https://brainportal.humanbrain.in/code/2dviewer/annotation/public?data=3&region=-1&section=847&type=hd
850,data2d/specimen_4/Specimen_4_850.tif,tif,1,64000,64000,https://dharani-fetal-brain-atlas.s3.us-west-2.amazonaws.com/data2d/specimen_4/Specimen_4_850.json,geojson,https://brainportal.humanbrain.in/code/2dviewer/annotation/public?data=3&region=-1&section=850
853,data2d/specimen_4/Specimen_4_853.tif,tif,4,16000,16000,,,https://brainportal.humanbrain.in/code/2dviewer/annotation/public?data=3&region=-1&section=853&type=hd
859,data2d/specimen_4/Specimen_4_859.tif,tif,4,16000,16000,,,https://brainportal.humanbrain.in/code/2dviewer/annotation/public?data=3&region=-1&section=859&type=hd
862,data2d/specimen_4/Specimen_4_862.tif,tif,1,64000,64000,https://dharani-fetal-brain-atlas.s3.us-west-2.amazonaws.com/data2d/specimen_4/Specimen_4_862.json,geojson,https://brainportal.humanbrain.in/code/2dviewer/annotation/public?data=3&region=-1&section=862
865,data2d/specimen_4/Specimen_4_865.tif,tif,4,16000,16000,,,https://brainportal.humanbrain.in/code/2dviewer/annotation/public?data=3&region=-1&section=865&type=hd
868,data2d/specimen_4/Specimen_4_868.tif,tif,4,16000,16000,,,https://brainportal.humanbrain.in/code/2dviewer/annotation/public?data=3&region=-1&section=868&type=hd
871,data2d/specimen_4/Specimen_4_871.tif,tif,4,16000,16000,,,https://brainportal.humanbrain.in/code/2dviewer/annotation/public?data=3&region=-1&section=871&type=hd
874,data2d/specimen_4/Specimen_4_874.tif,tif,4,16000,16000,,,https://brainportal.humanbrain.in/code/2dviewer/annotation/public?data=3&region=-1&section=874&type=hd
877,data2d/specimen_4/Specimen_4_877.tif,tif,4,16000,16000,,,https://brainportal.humanbrain.in/code/2dviewer/annotation/public?data=3&region=-1&section=877&type=hd
883,data2d/specimen_4/Specimen_4_883.tif,tif,4,16000,16000,,,https://brainportal.humanbrain.in/code/2dviewer/annotation/public?data=3&region=-1&section=883&type=hd
886,data2d/specimen_4/Specimen_4_886.tif,tif,4,16000,16000,,,https://brainportal.humanbrain.in/code/2dviewer/annotation/public?data=3&region=-1&section=886&type=hd
889,data2d/specimen_4/Specimen_4_889.tif,tif,4,16000,16000,,,https://brainportal.humanbrain.in/code/2dviewer/annotation/public?data=3&region=-1&section=889&type=hd
892,data2d/specimen_4/Specimen_4_892.tif,tif,1,64000,64000,https://dharani-fetal-brain-atlas.s3.us-west-2.amazonaws.com/data2d/specimen_4/Specimen_4_892.json,geojson,https://brainportal.humanbrain.in/code/2dviewer/annotation/public?data=3&region=-1&section=892
895,data2d/specimen_4/Specimen_4_895.tif,tif,4,16000,16000,,,https://brainportal.humanbrain.in/code/2dviewer/annotation/public?data=3&region=-1&section=895&type=hd
898,data2d/specimen_4/Specimen_4_898.tif,tif,4,16000,16000,,,https://brainportal.humanbrain.in/code/2dviewer/annotation/public?data=3&region=-1&section=898&type=hd
901,data2d/specimen_4/Specimen_4_901.tif,tif,4,16000,16000,,,https://brainportal.humanbrain.in/code/2dviewer/annotation/public?data=3&region=-1&section=901&type=hd
904,data2d/specimen_4/Specimen_4_904.tif,tif,4,16000,16000,,,https://brainportal.humanbrain.in/code/2dviewer/annotation/public?data=3&region=-1&section=904&type=hd
907,data2d/specimen_4/Specimen_4_907.tif,tif,4,16000,16000,,,https://brainportal.humanbrain.in/code/2dviewer/annotation/public?data=3&region=-1&section=907&type=hd
910,data2d/specimen_4/Specimen_4_910.tif,tif,1,64000,64000,https://dharani-fetal-brain-atlas.s3.us-west-2.amazonaws.com/data2d/specimen_4/Specimen_4_910.json,geojson,https://brainportal.humanbrain.in/code/2dviewer/annotation/public?data=3&region=-1&section=910
913,data2d/specimen_4/Specimen_4_913.tif,tif,4,16000,16000,,,https://brainportal.humanbrain.in/code/2dviewer/annotation/public?data=3&region=-1&section=913&type=hd
916,data2d/specimen_4/Specimen_4_916.tif,tif,4,16000,16000,,,https://brainportal.humanbrain.in/code/2dviewer/annotation/public?data=3&region=-1&section=916&type=hd
919,data2d/specimen_4/Specimen_4_919.tif,tif,4,16000,16000,,,https://brainportal.humanbrain.in/code/2dviewer/annotation/public?data=3&region=-1&section=919&type=hd
922,data2d/specimen_4/Specimen_4_922.tif,tif,4,16000,16000,,,https://brainportal.humanbrain.in/code/2dviewer/annotation/public?data=3&region=-1&section=922&type=hd
925,data2d/specimen_4/Specimen_4_925.tif,tif,1,64000,64000,https://dharani-fetal-brain-atlas.s3.us-west-2.amazonaws.com/data2d/specimen_4/Specimen_4_925.json,geojson,https://brainportal.humanbrain.in/code/2dviewer/annotation/public?data=3&region=-1&section=925
928,data2d/specimen_4/Specimen_4_928.tif,tif,4,16000,16000,,,https://brainportal.humanbrain.in/code/2dviewer/annotation/public?data=3&region=-1&section=928&type=hd
934,data2d/specimen_4/Specimen_4_934.tif,tif,4,16000,16000,,,https://brainportal.humanbrain.in/code/2dviewer/annotation/public?data=3&region=-1&section=934&type=hd
937,data2d/specimen_4/Specimen_4_937.tif,tif,4,16000,16000,,,https://brainportal.humanbrain.in/code/2dviewer/annotation/public?data=3&region=-1&section=937&type=hd
940,data2d/specimen_4/Specimen_4_940.tif,tif,4,16000,16000,,,https://brainportal.humanbrain.in/code/2dviewer/annotation/public?data=3&region=-1&section=940&type=hd
943,data2d/specimen_4/Specimen_4_943.tif,tif,4,16000,16000,,,https://brainportal.humanbrain.in/code/2dviewer/annotation/public?data=3&region=-1&section=943&type=hd
946,data2d/specimen_4/Specimen_4_946.tif,tif,1,64000,64000,https://dharani-fetal-brain-atlas.s3.us-west-2.amazonaws.com/data2d/specimen_4/Specimen_4_946.json,geojson,https://brainportal.humanbrain.in/code/2dviewer/annotation/public?data=3&region=-1&section=946
949,data2d/specimen_4/Specimen_4_949.tif,tif,4,16000,16000,,,https://brainportal.humanbrain.in/code/2dviewer/annotation/public?data=3&region=-1&section=949&type=hd
952,data2d/specimen_4/Specimen_4_952.tif,tif,4,16000,16000,,,https://brainportal.humanbrain.in/code/2dviewer/annotation/public?data=3&region=-1&section=952&type=hd
955,data2d/specimen_4/Specimen_4_955.tif,tif,4,16000,16000,,,https://brainportal.humanbrain.in/code/2dviewer/annotation/public?data=3&region=-1&section=955&type=hd
958,data2d/specimen_4/Specimen_4_958.tif,tif,4,16000,16000,,,https://brainportal.humanbrain.in/code/2dviewer/annotation/public?data=3&region=-1&section=958&type=hd
970,data2d/specimen_4/Specimen_4_970.tif,tif,1,64000,64000,https://dharani-fetal-brain-atlas.s3.us-west-2.amazonaws.com/data2d/specimen_4/Specimen_4_970.json,geojson,https://brainportal.humanbrain.in/code/2dviewer/annotation/public?data=3&region=-1&section=970
982,data2d/specimen_4/Specimen_4_982.tif,tif,4,16000,16000,,,https://brainportal.humanbrain.in/code/2dviewer/annotation/public?data=3&region=-1&section=982&type=hd
985,data2d/specimen_4/Specimen_4_985.tif,tif,1,64000,64000,https://dharani-fetal-brain-atlas.s3.us-west-2.amazonaws.com/data2d/specimen_4/Specimen_4_985.json,geojson,https://brainportal.humanbrain.in/code/2dviewer/annotation/public?data=3&region=-1&section=985
991,data2d/specimen_4/Specimen_4_991.tif,tif,4,16000,16000,,,https://brainportal.humanbrain.in/code/2dviewer/annotation/public?data=3&region=-1&section=991&type=hd
994,data2d/specimen_4/Specimen_4_994.tif,tif,4,16000,16000,,,https://brainportal.humanbrain.in/code/2dviewer/annotation/public?data=3&region=-1&section=994&type=hd
1003,data2d/specimen_4/Specimen_4_1003.tif,tif,4,16000,16000,,,https://brainportal.humanbrain.in/code/2dviewer/annotation/public?data=3&region=-1&section=1003&type=hd
1006,data2d/specimen_4/Specimen_4_1006.tif,tif,4,16000,16000,,,https://brainportal.humanbrain.in/code/2dviewer/annotation/public?data=3&region=-1&section=1006&type=hd
1015,data2d/specimen_4/Specimen_4_1015.tif,tif,4,16000,16000,,,https://brainportal.humanbrain.in/code/2dviewer/annotation/public?data=3&region=-1&section=1015&type=hd
1018,data2d/specimen_4/Specimen_4_1018.tif,tif,4,16000,16000,,,https://brainportal.humanbrain.in/code/2dviewer/annotation/public?data=3&region=-1&section=1018&type=hd
1021,data2d/specimen_4/Specimen_4_1021.tif,tif,4,16000,16000,,,https://brainportal.humanbrain.in/code/2dviewer/annotation/public?data=3&region=-1&section=1021&type=hd
1024,data2d/specimen_4/Specimen_4_1024.tif,tif,4,16000,16000,,,https://brainportal.humanbrain.in/code/2dviewer/annotation/public?data=3&region=-1&section=1024&type=hd
1033,data2d/specimen_4/Specimen_4_1033.tif,tif,4,16000,16000,,,https://brainportal.humanbrain.in/code/2dviewer/annotation/public?data=3&region=-1&section=1033&type=hd
1036,data2d/specimen_4/Specimen_4_1036.tif,tif,4,16000,16000,,,https://brainportal.humanbrain.in/code/2dviewer/annotation/public?data=3&region=-1&section=1036&type=hd
1039,data2d/specimen_4/Specimen_4_1039.tif,tif,1,64000,64000,https://dharani-fetal-brain-atlas.s3.us-west-2.amazonaws.com/data2d/specimen_4/Specimen_4_1039.json,geojson,https://brainportal.humanbrain.in/code/2dviewer/annotation/public?data=3&region=-1&section=1039
1042,data2d/specimen_4/Specimen_4_1042.tif,tif,4,16000,16000,,,https://brainportal.humanbrain.in/code/2dviewer/annotation/public?data=3&region=-1&section=1042&type=hd
1045,data2d/specimen_4/Specimen_4_1045.tif,tif,4,16000,16000,,,https://brainportal.humanbrain.in/code/2dviewer/annotation/public?data=3&region=-1&section=1045&type=hd
1048,data2d/specimen_4/Specimen_4_1048.tif,tif,4,16000,16000,,,https://brainportal.humanbrain.in/code/2dviewer/annotation/public?data=3&region=-1&section=1048&type=hd
1054,data2d/specimen_4/Specimen_4_1054.tif,tif,4,16000,16000,,,https://brainportal.humanbrain.in/code/2dviewer/annotation/public?data=3&region=-1&section=1054&type=hd
1057,data2d/specimen_4/Specimen_4_1057.tif,tif,1,64000,64000,https://dharani-fetal-brain-atlas.s3.us-west-2.amazonaws.com/data2d/specimen_4/Specimen_4_1057.json,geojson,https://brainportal.humanbrain.in/code/2dviewer/annotation/public?data=3&region=-1&section=1057
1060,data2d/specimen_4/Specimen_4_1060.tif,tif,4,16000,16000,,,https://brainportal.humanbrain.in/code/2dviewer/annotation/public?data=3&region=-1&section=1060&type=hd
1063,data2d/specimen_4/Specimen_4_1063.tif,tif,4,16000,16000,,,https://brainportal.humanbrain.in/code/2dviewer/annotation/public?data=3&region=-1&section=1063&type=hd
1066,data2d/specimen_4/Specimen_4_1066.tif,tif,4,16000,16000,,,https://brainportal.humanbrain.in/code/2dviewer/annotation/public?data=3&region=-1&section=1066&type=hd
1069,data2d/specimen_4/Specimen_4_1069.tif,tif,4,16000,16000,,,https://brainportal.humanbrain.in/code/2dviewer/annotation/public?data=3&region=-1&section=1069&type=hd
1072,data2d/specimen_4/Specimen_4_1072.tif,tif,4,16000,16000,,,https://brainportal.humanbrain.in/code/2dviewer/annotation/public?data=3&region=-1&section=1072&type=hd
1075,data2d/specimen_4/Specimen_4_1075.tif,tif,4,16000,16000,,,https://brainportal.humanbrain.in/code/2dviewer/annotation/public?data=3&region=-1&section=1075&type=hd
1078,data2d/specimen_4/Specimen_4_1078.tif,tif,4,16000,16000,,,https://brainportal.humanbrain.in/code/2dviewer/annotation/public?data=3&region=-1&section=1078&type=hd
1081,data2d/specimen_4/Specimen_4_1081.tif,tif,1,64000,64000,https://dharani-fetal-brain-atlas.s3.us-west-2.amazonaws.com/data2d/specimen_4/Specimen_4_1081.json,geojson,https://brainportal.humanbrain.in/code/2dviewer/annotation/public?data=3&region=-1&section=1081
1084,data2d/specimen_4/Specimen_4_1084.tif,tif,4,16000,16000,,,https://brainportal.humanbrain.in/code/2dviewer/annotation/public?data=3&region=-1&section=1084&type=hd
1087,data2d/specimen_4/Specimen_4_1087.tif,tif,4,16000,16000,,,https://brainportal.humanbrain.in/code/2dviewer/annotation/public?data=3&region=-1&section=1087&type=hd
1090,data2d/specimen_4/Specimen_4_1090.tif,tif,4,16000,16000,,,https://brainportal.humanbrain.in/code/2dviewer/annotation/public?data=3&region=-1&section=1090&type=hd
1093,data2d/specimen_4/Specimen_4_1093.tif,tif,1,64000,64000,https://dharani-fetal-brain-atlas.s3.us-west-2.amazonaws.com/data2d/specimen_4/Specimen_4_1093.json,geojson,https://brainportal.humanbrain.in/code/2dviewer/annotation/public?data=3&region=-1&section=1093
1096,data2d/specimen_4/Specimen_4_1096.tif,tif,4,16000,16000,,,https://brainportal.humanbrain.in/code/2dviewer/annotation/public?data=3&region=-1&section=1096&type=hd
1099,data2d/specimen_4/Specimen_4_1099.tif,tif,4,16000,16000,,,https://brainportal.humanbrain.in/code/2dviewer/annotation/public?data=3&region=-1&section=1099&type=hd
1102,data2d/specimen_4/Specimen_4_1102.tif,tif,1,64000,64000,https://dharani-fetal-brain-atlas.s3.us-west-2.amazonaws.com/data2d/specimen_4/Specimen_4_1102.json,geojson,https://brainportal.humanbrain.in/code/2dviewer/annotation/public?data=3&region=-1&section=1102
1105,data2d/specimen_4/Specimen_4_1105.tif,tif,4,16000,16000,,,https://brainportal.humanbrain.in/code/2dviewer/annotation/public?data=3&region=-1&section=1105&type=hd
1108,data2d/specimen_4/Specimen_4_1108.tif,tif,4,16000,16000,,,https://brainportal.humanbrain.in/code/2dviewer/annotation/public?data=3&region=-1&section=1108&type=hd
1111,data2d/specimen_4/Specimen_4_1111.tif,tif,4,16000,16000,,,https://brainportal.humanbrain.in/code/2dviewer/annotation/public?data=3&region=-1&section=1111&type=hd
1114,data2d/specimen_4/Specimen_4_1114.tif,tif,4,16000,16000,,,https://brainportal.humanbrain.in/code/2dviewer/annotation/public?data=3&region=-1&section=1114&type=hd
1117,data2d/specimen_4/Specimen_4_1117.tif,tif,4,16000,16000,,,https://brainportal.humanbrain.in/code/2dviewer/annotation/public?data=3&region=-1&section=1117&type=hd
1120,data2d/specimen_4/Specimen_4_1120.tif,tif,4,16000,16000,,,https://brainportal.humanbrain.in/code/2dviewer/annotation/public?data=3&region=-1&section=1120&type=hd
1123,data2d/specimen_4/Specimen_4_1123.tif,tif,4,16000,16000,,,https://brainportal.humanbrain.in/code/2dviewer/annotation/public?data=3&region=-1&section=1123&type=hd
1126,data2d/specimen_4/Specimen_4_1126.tif,tif,4,16000,16000,,,https://brainportal.humanbrain.in/code/2dviewer/annotation/public?data=3&region=-1&section=1126&type=hd
1132,data2d/specimen_4/Specimen_4_1132.tif,tif,4,16000,16000,,,https://brainportal.humanbrain.in/code/2dviewer/annotation/public?data=3&region=-1&section=1132&type=hd
1135,data2d/specimen_4/Specimen_4_1135.tif,tif,1,64000,64000,https://dharani-fetal-brain-atlas.s3.us-west-2.amazonaws.com/data2d/specimen_4/Specimen_4_1135.json,geojson,https://brainportal.humanbrain.in/code/2dviewer/annotation/public?data=3&region=-1&section=1135
1138,data2d/specimen_4/Specimen_4_1138.tif,tif,4,16000,16000,,,https://brainportal.humanbrain.in/code/2dviewer/annotation/public?data=3&region=-1&section=1138&type=hd
1141,data2d/specimen_4/Specimen_4_1141.tif,tif,1,64000,64000,https://dharani-fetal-brain-atlas.s3.us-west-2.amazonaws.com/data2d/specimen_4/Specimen_4_1141.json,geojson,https://brainportal.humanbrain.in/code/2dviewer/annotation/public?data=3&region=-1&section=1141
1147,data2d/specimen_4/Specimen_4_1147.tif,tif,4,16000,16000,,,https://brainportal.humanbrain.in/code/2dviewer/annotation/public?data=3&region=-1&section=1147&type=hd
1150,data2d/specimen_4/Specimen_4_1150.tif,tif,4,16000,16000,,,https://brainportal.humanbrain.in/code/2dviewer/annotation/public?data=3&region=-1&section=1150&type=hd
1153,data2d/specimen_4/Specimen_4_1153.tif,tif,4,16000,16000,,,https://brainportal.humanbrain.in/code/2dviewer/annotation/public?data=3&region=-1&section=1153&type=hd
1156,data2d/specimen_4/Specimen_4_1156.tif,tif,4,16000,16000,,,https://brainportal.humanbrain.in/code/2dviewer/annotation/public?data=3&region=-1&section=1156&type=hd
1159,data2d/specimen_4/Specimen_4_1159.tif,tif,4,16000,16000,,,https://brainportal.humanbrain.in/code/2dviewer/annotation/public?data=3&region=-1&section=1159&type=hd
1165,data2d/specimen_4/Specimen_4_1165.tif,tif,1,64000,64000,https://dharani-fetal-brain-atlas.s3.us-west-2.amazonaws.com/data2d/specimen_4/Specimen_4_1165.json,geojson,https://brainportal.humanbrain.in/code/2dviewer/annotation/public?data=3&region=-1&section=1165
1168,data2d/specimen_4/Specimen_4_1168.tif,tif,4,16000,16000,,,https://brainportal.humanbrain.in/code/2dviewer/annotation/public?data=3&region=-1&section=1168&type=hd
1174,data2d/specimen_4/Specimen_4_1174.tif,tif,4,16000,16000,,,https://brainportal.humanbrain.in/code/2dviewer/annotation/public?data=3&region=-1&section=1174&type=hd
1183,data2d/specimen_4/Specimen_4_1183.tif,tif,4,16000,16000,,,https://brainportal.humanbrain.in/code/2dviewer/annotation/public?data=3&region=-1&section=1183&type=hd
1186,data2d/specimen_4/Specimen_4_1186.tif,tif,1,64000,64000,https://dharani-fetal-brain-atlas.s3.us-west-2.amazonaws.com/data2d/specimen_4/Specimen_4_1186.json,geojson,https://brainportal.humanbrain.in/code/2dviewer/annotation/public?data=3&region=-1&section=1186
1189,data2d/specimen_4/Specimen_4_1189.tif,tif,4,16000,16000,,,https://brainportal.humanbrain.in/code/2dviewer/annotation/public?data=3&region=-1&section=1189&type=hd
1192,data2d/specimen_4/Specimen_4_1192.tif,tif,4,16000,16000,,,https://brainportal.humanbrain.in/code/2dviewer/annotation/public?data=3&region=-1&section=1192&type=hd
1195,data2d/specimen_4/Specimen_4_1195.tif,tif,4,16000,16000,,,https://brainportal.humanbrain.in/code/2dviewer/annotation/public?data=3&region=-1&section=1195&type=hd
1198,data2d/specimen_4/Specimen_4_1198.tif,tif,4,16000,16000,,,https://brainportal.humanbrain.in/code/2dviewer/annotation/public?data=3&region=-1&section=1198&type=hd
1201,data2d/specimen_4/Specimen_4_1201.tif,tif,4,16000,16000,,,https://brainportal.humanbrain.in/code/2dviewer/annotation/public?data=3&region=-1&section=1201&type=hd
1204,data2d/specimen_4/Specimen_4_1204.tif,tif,1,64000,64000,https://dharani-fetal-brain-atlas.s3.us-west-2.amazonaws.com/data2d/specimen_4/Specimen_4_1204.json,geojson,https://brainportal.humanbrain.in/code/2dviewer/annotation/public?data=3&region=-1&section=1204
1207,data2d/specimen_4/Specimen_4_1207.tif,tif,4,16000,16000,,,https://brainportal.humanbrain.in/code/2dviewer/annotation/public?data=3&region=-1&section=1207&type=hd
1210,data2d/specimen_4/Specimen_4_1210.tif,tif,4,16000,16000,,,https://brainportal.humanbrain.in/code/2dviewer/annotation/public?data=3&region=-1&section=1210&type=hd
1213,data2d/specimen_4/Specimen_4_1213.tif,tif,4,16000,16000,,,https://brainportal.humanbrain.in/code/2dviewer/annotation/public?data=3&region=-1&section=1213&type=hd
1216,data2d/specimen_4/Specimen_4_1216.tif,tif,4,16000,16000,,,https://brainportal.humanbrain.in/code/2dviewer/annotation/public?data=3&region=-1&section=1216&type=hd
1219,data2d/specimen_4/Specimen_4_1219.tif,tif,1,64000,64000,https://dharani-fetal-brain-atlas.s3.us-west-2.amazonaws.com/data2d/specimen_4/Specimen_4_1219.json,geojson,https://brainportal.humanbrain.in/code/2dviewer/annotation/public?data=3&region=-1&section=1219
1222,data2d/specimen_4/Specimen_4_1222.tif,tif,4,16000,16000,,,https://brainportal.humanbrain.in/code/2dviewer/annotation/public?data=3&region=-1&section=1222&type=hd
1225,data2d/specimen_4/Specimen_4_1225.tif,tif,4,16000,16000,,,https://brainportal.humanbrain.in/code/2dviewer/annotation/public?data=3&region=-1&section=1225&type=hd
1228,data2d/specimen_4/Specimen_4_1228.tif,tif,4,16000,16000,,,https://brainportal.humanbrain.in/code/2dviewer/annotation/public?data=3&region=-1&section=1228&type=hd
1231,data2d/specimen_4/Specimen_4_1231.tif,tif,4,16000,16000,,,https://brainportal.humanbrain.in/code/2dviewer/annotation/public?data=3&region=-1&section=1231&type=hd
1234,data2d/specimen_4/Specimen_4_1234.tif,tif,4,16000,16000,,,https://brainportal.humanbrain.in/code/2dviewer/annotation/public?data=3&region=-1&section=1234&type=hd
1237,data2d/specimen_4/Specimen_4_1237.tif,tif,4,16000,16000,,,https://brainportal.humanbrain.in/code/2dviewer/annotation/public?data=3&region=-1&section=1237&type=hd
1240,data2d/specimen_4/Specimen_4_1240.tif,tif,1,64000,64000,https://dharani-fetal-brain-atlas.s3.us-west-2.amazonaws.com/data2d/specimen_4/Specimen_4_1240.json,geojson,https://brainportal.humanbrain.in/code/2dviewer/annotation/public?data=3&region=-1&section=1240
1243,data2d/specimen_4/Specimen_4_1243.tif,tif,4,16000,16000,,,https://brainportal.humanbrain.in/code/2dviewer/annotation/public?data=3&region=-1&section=1243&type=hd
1249,data2d/specimen_4/Specimen_4_1249.tif,tif,4,16000,16000,,,https://brainportal.humanbrain.in/code/2dviewer/annotation/public?data=3&region=-1&section=1249&type=hd
1252,data2d/specimen_4/Specimen_4_1252.tif,tif,4,16000,16000,,,https://brainportal.humanbrain.in/code/2dviewer/annotation/public?data=3&region=-1&section=1252&type=hd
1255,data2d/specimen_4/Specimen_4_1255.tif,tif,4,16000,16000,,,https://brainportal.humanbrain.in/code/2dviewer/annotation/public?data=3&region=-1&section=1255&type=hd
1258,data2d/specimen_4/Specimen_4_1258.tif,tif,4,16000,16000,,,https://brainportal.humanbrain.in/code/2dviewer/annotation/public?data=3&region=-1&section=1258&type=hd
1261,data2d/specimen_4/Specimen_4_1261.tif,tif,1,64000,64000,https://dharani-fetal-brain-atlas.s3.us-west-2.amazonaws.com/data2d/specimen_4/Specimen_4_1261.json,geojson,https://brainportal.humanbrain.in/code/2dviewer/annotation/public?data=3&region=-1&section=1261
1264,data2d/specimen_4/Specimen_4_1264.tif,tif,4,16000,16000,,,https://brainportal.humanbrain.in/code/2dviewer/annotation/public?data=3&region=-1&section=1264&type=hd
1279,data2d/specimen_4/Specimen_4_1279.tif,tif,4,16000,16000,,,https://brainportal.humanbrain.in/code/2dviewer/annotation/public?data=3&region=-1&section=1279&type=hd
1282,data2d/specimen_4/Specimen_4_1282.tif,tif,4,16000,16000,,,https://brainportal.humanbrain.in/code/2dviewer/annotation/public?data=3&region=-1&section=1282&type=hd
1285,data2d/specimen_4/Specimen_4_1285.tif,tif,4,16000,16000,,,https://brainportal.humanbrain.in/code/2dviewer/annotation/public?data=3&region=-1&section=1285&type=hd
1288,data2d/specimen_4/Specimen_4_1288.tif,tif,4,16000,16000,,,https://brainportal.humanbrain.in/code/2dviewer/annotation/public?data=3&region=-1&section=1288&type=hd
1291,data2d/specimen_4/Specimen_4_1291.tif,tif,1,64000,64000,https://dharani-fetal-brain-atlas.s3.us-west-2.amazonaws.com/data2d/specimen_4/Specimen_4_1291.json,geojson,https://brainportal.humanbrain.in/code/2dviewer/annotation/public?data=3&region=-1&section=1291
1297,data2d/specimen_4/Specimen_4_1297.tif,tif,4,16000,16000,,,https://brainportal.humanbrain.in/code/2dviewer/annotation/public?data=3&region=-1&section=1297&type=hd
1306,data2d/specimen_4/Specimen_4_1306.tif,tif,4,16000,16000,,,https://brainportal.humanbrain.in/code/2dviewer/annotation/public?data=3&region=-1&section=1306&type=hd
1309,data2d/specimen_4/Specimen_4_1309.tif,tif,4,16000,16000,,,https://brainportal.humanbrain.in/code/2dviewer/annotation/public?data=3&region=-1&section=1309&type=hd
1312,data2d/specimen_4/Specimen_4_1312.tif,tif,1,64000,64000,https://dharani-fetal-brain-atlas.s3.us-west-2.amazonaws.com/data2d/specimen_4/Specimen_4_1312.json,geojson,https://brainportal.humanbrain.in/code/2dviewer/annotation/public?data=3&region=-1&section=1312
1327,data2d/specimen_4/Specimen_4_1327.tif,tif,4,16000,16000,,,https://brainportal.humanbrain.in/code/2dviewer/annotation/public?data=3&region=-1&section=1327&type=hd
1333,data2d/specimen_4/Specimen_4_1333.tif,tif,1,64000,64000,https://dharani-fetal-brain-atlas.s3.us-west-2.amazonaws.com/data2d/specimen_4/Specimen_4_1333.json,geojson,https://brainportal.humanbrain.in/code/2dviewer/annotation/public?data=3&region=-1&section=1333
1336,data2d/specimen_4/Specimen_4_1336.tif,tif,4,16000,16000,,,https://brainportal.humanbrain.in/code/2dviewer/annotation/public?data=3&region=-1&section=1336&type=hd
1342,data2d/specimen_4/Specimen_4_1342.tif,tif,4,16000,16000,,,https://brainportal.humanbrain.in/code/2dviewer/annotation/public?data=3&region=-1&section=1342&type=hd
1345,data2d/specimen_4/Specimen_4_1345.tif,tif,4,16000,16000,,,https://brainportal.humanbrain.in/code/2dviewer/annotation/public?data=3&region=-1&section=1345&type=hd
1348,data2d/specimen_4/Specimen_4_1348.tif,tif,4,16000,16000,,,https://brainportal.humanbrain.in/code/2dviewer/annotation/public?data=3&region=-1&section=1348&type=hd
1351,data2d/specimen_4/Specimen_4_1351.tif,tif,1,64000,64000,https://dharani-fetal-brain-atlas.s3.us-west-2.amazonaws.com/data2d/specimen_4/Specimen_4_1351.json,geojson,https://brainportal.humanbrain.in/code/2dviewer/annotation/public?data=3&region=-1&section=1351
1354,data2d/specimen_4/Specimen_4_1354.tif,tif,4,16000,16000,,,https://brainportal.humanbrain.in/code/2dviewer/annotation/public?data=3&region=-1&section=1354&type=hd
1357,data2d/specimen_4/Specimen_4_1357.tif,tif,4,16000,16000,,,https://brainportal.humanbrain.in/code/2dviewer/annotation/public?data=3&region=-1&section=1357&type=hd
1360,data2d/specimen_4/Specimen_4_1360.tif,tif,4,16000,16000,,,https://brainportal.humanbrain.in/code/2dviewer/annotation/public?data=3&region=-1&section=1360&type=hd
1363,data2d/specimen_4/Specimen_4_1363.tif,tif,4,16000,16000,,,https://brainportal.humanbrain.in/code/2dviewer/annotation/public?data=3&region=-1&section=1363&type=hd
1366,data2d/specimen_4/Specimen_4_1366.tif,tif,4,16000,16000,,,https://brainportal.humanbrain.in/code/2dviewer/annotation/public?data=3&region=-1&section=1366&type=hd
1369,data2d/specimen_4/Specimen_4_1369.tif,tif,1,64000,64000,https://dharani-fetal-brain-atlas.s3.us-west-2.amazonaws.com/data2d/specimen_4/Specimen_4_1369.json,geojson,https://brainportal.humanbrain.in/code/2dviewer/annotation/public?data=3&region=-1&section=1369
1372,data2d/specimen_4/Specimen_4_1372.tif,tif,4,16000,16000,,,https://brainportal.humanbrain.in/code/2dviewer/annotation/public?data=3&region=-1&section=1372&type=hd
1375,data2d/specimen_4/Specimen_4_1375.tif,tif,4,16000,16000,,,https://brainportal.humanbrain.in/code/2dviewer/annotation/public?data=3&region=-1&section=1375&type=hd
1378,data2d/specimen_4/Specimen_4_1378.tif,tif,4,16000,16000,,,https://brainportal.humanbrain.in/code/2dviewer/annotation/public?data=3&region=-1&section=1378&type=hd
1381,data2d/specimen_4/Specimen_4_1381.tif,tif,4,16000,16000,,,https://brainportal.humanbrain.in/code/2dviewer/annotation/public?data=3&region=-1&section=1381&type=hd
1384,data2d/specimen_4/Specimen_4_1384.tif,tif,4,16000,16000,,,https://brainportal.humanbrain.in/code/2dviewer/annotation/public?data=3&region=-1&section=1384&type=hd
1387,data2d/specimen_4/Specimen_4_1387.tif,tif,1,64000,64000,https://dharani-fetal-brain-atlas.s3.us-west-2.amazonaws.com/data2d/specimen_4/Specimen_4_1387.json,geojson,https://brainportal.humanbrain.in/code/2dviewer/annotation/public?data=3&region=-1&section=1387
1390,data2d/specimen_4/Specimen_4_1390.tif,tif,4,16000,16000,,,https://brainportal.humanbrain.in/code/2dviewer/annotation/public?data=3&region=-1&section=1390&type=hd
1411,data2d/specimen_4/Specimen_4_1411.tif,tif,4,16000,16000,,,https://brainportal.humanbrain.in/code/2dviewer/annotation/public?data=3&region=-1&section=1411&type=hd
1414,data2d/specimen_4/Specimen_4_1414.tif,tif,4,16000,16000,,,https://brainportal.humanbrain.in/code/2dviewer/annotation/public?data=3&region=-1&section=1414&type=hd
1420,data2d/specimen_4/Specimen_4_1420.tif,tif,1,64000,64000,https://dharani-fetal-brain-atlas.s3.us-west-2.amazonaws.com/data2d/specimen_4/Specimen_4_1420.json,geojson,https://brainportal.humanbrain.in/code/2dviewer/annotation/public?data=3&region=-1&section=1420
1432,data2d/specimen_4/Specimen_4_1432.tif,tif,4,16000,16000,,,https://brainportal.humanbrain.in/code/2dviewer/annotation/public?data=3&region=-1&section=1432&type=hd
1435,data2d/specimen_4/Specimen_4_1435.tif,tif,4,16000,16000,,,https://brainportal.humanbrain.in/code/2dviewer/annotation/public?data=3&region=-1&section=1435&type=hd
1438,data2d/specimen_4/Specimen_4_1438.tif,tif,4,16000,16000,,,https://brainportal.humanbrain.in/code/2dviewer/annotation/public?data=3&region=-1&section=1438&type=hd
1441,data2d/specimen_4/Specimen_4_1441.tif,tif,4,16000,16000,,,https://brainportal.humanbrain.in/code/2dviewer/annotation/public?data=3&region=-1&section=1441&type=hd
1444,data2d/specimen_4/Specimen_4_1444.tif,tif,4,16000,16000,,,https://brainportal.humanbrain.in/code/2dviewer/annotation/public?data=3&region=-1&section=1444&type=hd
1447,data2d/specimen_4/Specimen_4_1447.tif,tif,4,16000,16000,,,https://brainportal.humanbrain.in/code/2dviewer/annotation/public?data=3&region=-1&section=1447&type=hd
1453,data2d/specimen_4/Specimen_4_1453.tif,tif,1,64000,64000,https://dharani-fetal-brain-atlas.s3.us-west-2.amazonaws.com/data2d/specimen_4/Specimen_4_1453.json,geojson,https://brainportal.humanbrain.in/code/2dviewer/annotation/public?data=3&region=-1&section=1453
1459,data2d/specimen_4/Specimen_4_1459.tif,tif,4,16000,16000,,,https://brainportal.humanbrain.in/code/2dviewer/annotation/public?data=3&region=-1&section=1459&type=hd
1462,data2d/specimen_4/Specimen_4_1462.tif,tif,4,16000,16000,,,https://brainportal.humanbrain.in/code/2dviewer/annotation/public?data=3&region=-1&section=1462&type=hd
1465,data2d/specimen_4/Specimen_4_1465.tif,tif,1,64000,64000,https://dharani-fetal-brain-atlas.s3.us-west-2.amazonaws.com/data2d/specimen_4/Specimen_4_1465.json,geojson,https://brainportal.humanbrain.in/code/2dviewer/annotation/public?data=3&region=-1&section=1465
1468,data2d/specimen_4/Specimen_4_1468.tif,tif,4,16000,16000,,,https://brainportal.humanbrain.in/code/2dviewer/annotation/public?data=3&region=-1&section=1468&type=hd
1471,data2d/specimen_4/Specimen_4_1471.tif,tif,4,16000,16000,,,https://brainportal.humanbrain.in/code/2dviewer/annotation/public?data=3&region=-1&section=1471&type=hd
1489,data2d/specimen_4/Specimen_4_1489.tif,tif,4,16000,16000,,,https://brainportal.humanbrain.in/code/2dviewer/annotation/public?data=3&region=-1&section=1489&type=hd
1492,data2d/specimen_4/Specimen_4_1492.tif,tif,1,64000,64000,https://dharani-fetal-brain-atlas.s3.us-west-2.amazonaws.com/data2d/specimen_4/Specimen_4_1492.json,geojson,https://brainportal.humanbrain.in/code/2dviewer/annotation/public?data=3&region=-1&section=1492
1519,data2d/specimen_4/Specimen_4_1519.tif,tif,1,64000,64000,https://dharani-fetal-brain-atlas.s3.us-west-2.amazonaws.com/data2d/specimen_4/Specimen_4_1519.json,geojson,https://brainportal.humanbrain.in/code/2dviewer/annotation/public?data=3&region=-1&section=1519
1522,data2d/specimen_4/Specimen_4_1522.tif,tif,4,16000,16000,,,https://brainportal.humanbrain.in/code/2dviewer/annotation/public?data=3&region=-1&section=1522&type=hd
1525,data2d/specimen_4/Specimen_4_1525.tif,tif,4,16000,16000,,,https://brainportal.humanbrain.in/code/2dviewer/annotation/public?data=3&region=-1&section=1525&type=hd
1528,data2d/specimen_4/Specimen_4_1528.tif,tif,4,16000,16000,,,https://brainportal.humanbrain.in/code/2dviewer/annotation/public?data=3&region=-1&section=1528&type=hd
1534,data2d/specimen_4/Specimen_4_1534.tif,tif,1,64000,64000,https://dharani-fetal-brain-atlas.s3.us-west-2.amazonaws.com/data2d/specimen_4/Specimen_4_1534.json,geojson,https://brainportal.humanbrain.in/code/2dviewer/annotation/public?data=3&region=-1&section=1534
1537,data2d/specimen_4/Specimen_4_1537.tif,tif,4,16000,16000,,,https://brainportal.humanbrain.in/code/2dviewer/annotation/public?data=3&region=-1&section=1537&type=hd
1540,data2d/specimen_4/Specimen_4_1540.tif,tif,4,16000,16000,,,https://brainportal.humanbrain.in/code/2dviewer/annotation/public?data=3&region=-1&section=1540&type=hd
1543,data2d/specimen_4/Specimen_4_1543.tif,tif,1,64000,64000,https://dharani-fetal-brain-atlas.s3.us-west-2.amazonaws.com/data2d/specimen_4/Specimen_4_1543.json,geojson,https://brainportal.humanbrain.in/code/2dviewer/annotation/public?data=3&region=-1&section=1543
1546,data2d/specimen_4/Specimen_4_1546.tif,tif,4,16000,16000,,,https://brainportal.humanbrain.in/code/2dviewer/annotation/public?data=3&region=-1&section=1546&type=hd
1549,data2d/specimen_4/Specimen_4_1549.tif,tif,4,16000,16000,,,https://brainportal.humanbrain.in/code/2dviewer/annotation/public?data=3&region=-1&section=1549&type=hd
1552,data2d/specimen_4/Specimen_4_1552.tif,tif,4,16000,16000,,,https://brainportal.humanbrain.in/code/2dviewer/annotation/public?data=3&region=-1&section=1552&type=hd
1558,data2d/specimen_4/Specimen_4_1558.tif,tif,4,16000,16000,,,https://brainportal.humanbrain.in/code/2dviewer/annotation/public?data=3&region=-1&section=1558&type=hd
1561,data2d/specimen_4/Specimen_4_1561.tif,tif,4,16000,16000,,,https://brainportal.humanbrain.in/code/2dviewer/annotation/public?data=3&region=-1&section=1561&type=hd
1564,data2d/specimen_4/Specimen_4_1564.tif,tif,4,16000,16000,,,https://brainportal.humanbrain.in/code/2dviewer/annotation/public?data=3&region=-1&section=1564&type=hd
1570,data2d/specimen_4/Specimen_4_1570.tif,tif,4,16000,16000,,,https://brainportal.humanbrain.in/code/2dviewer/annotation/public?data=3&region=-1&section=1570&type=hd
1573,data2d/specimen_4/Specimen_4_1573.tif,tif,1,64000,64000,https://dharani-fetal-brain-atlas.s3.us-west-2.amazonaws.com/data2d/specimen_4/Specimen_4_1573.json,geojson,https://brainportal.humanbrain.in/code/2dviewer/annotation/public?data=3&region=-1&section=1573
1576,data2d/specimen_4/Specimen_4_1576.tif,tif,4,16000,16000,,,https://brainportal.humanbrain.in/code/2dviewer/annotation/public?data=3&region=-1&section=1576&type=hd
1579,data2d/specimen_4/Specimen_4_1579.tif,tif,4,16000,16000,,,https://brainportal.humanbrain.in/code/2dviewer/annotation/public?data=3&region=-1&section=1579&type=hd
1582,data2d/specimen_4/Specimen_4_1582.tif,tif,4,16000,16000,,,https://brainportal.humanbrain.in/code/2dviewer/annotation/public?data=3&region=-1&section=1582&type=hd
1585,data2d/specimen_4/Specimen_4_1585.tif,tif,4,16000,16000,,,https://brainportal.humanbrain.in/code/2dviewer/annotation/public?data=3&region=-1&section=1585&type=hd
1588,data2d/specimen_4/Specimen_4_1588.tif,tif,1,64000,64000,https://dharani-fetal-brain-atlas.s3.us-west-2.amazonaws.com/data2d/specimen_4/Specimen_4_1588.json,geojson,https://brainportal.humanbrain.in/code/2dviewer/annotation/public?data=3&region=-1&section=1588
1591,data2d/specimen_4/Specimen_4_1591.tif,tif,4,16000,16000,,,https://brainportal.humanbrain.in/code/2dviewer/annotation/public?data=3&region=-1&section=1591&type=hd
1594,data2d/specimen_4/Specimen_4_1594.tif,tif,4,16000,16000,,,https://brainportal.humanbrain.in/code/2dviewer/annotation/public?data=3&region=-1&section=1594&type=hd
1597,data2d/specimen_4/Specimen_4_1597.tif,tif,4,16000,16000,,,https://brainportal.humanbrain.in/code/2dviewer/annotation/public?data=3&region=-1&section=1597&type=hd
1600,data2d/specimen_4/Specimen_4_1600.tif,tif,4,16000,16000,,,https://brainportal.humanbrain.in/code/2dviewer/annotation/public?data=3&region=-1&section=1600&type=hd
1603,data2d/specimen_4/Specimen_4_1603.tif,tif,4,16000,16000,,,https://brainportal.humanbrain.in/code/2dviewer/annotation/public?data=3&region=-1&section=1603&type=hd
1606,data2d/specimen_4/Specimen_4_1606.tif,tif,1,64000,64000,https://dharani-fetal-brain-atlas.s3.us-west-2.amazonaws.com/data2d/specimen_4/Specimen_4_1606.json,geojson,https://brainportal.humanbrain.in/code/2dviewer/annotation/public?data=3&region=-1&section=1606
1609,data2d/specimen_4/Specimen_4_1609.tif,tif,4,16000,16000,,,https://brainportal.humanbrain.in/code/2dviewer/annotation/public?data=3&region=-1&section=1609&type=hd
1615,data2d/specimen_4/Specimen_4_1615.tif,tif,4,16000,16000,,,https://brainportal.humanbrain.in/code/2dviewer/annotation/public?data=3&region=-1&section=1615&type=hd
1618,data2d/specimen_4/Specimen_4_1618.tif,tif,4,16000,16000,,,https://brainportal.humanbrain.in/code/2dviewer/annotation/public?data=3&region=-1&section=1618&type=hd
1624,data2d/specimen_4/Specimen_4_1624.tif,tif,1,64000,64000,https://dharani-fetal-brain-atlas.s3.us-west-2.amazonaws.com/data2d/specimen_4/Specimen_4_1624.json,geojson,https://brainportal.humanbrain.in/code/2dviewer/annotation/public?data=3&region=-1&section=1624
1633,data2d/specimen_4/Specimen_4_1633.tif,tif,4,16000,16000,,,https://brainportal.humanbrain.in/code/2dviewer/annotation/public?data=3&region=-1&section=1633&type=hd
1636,data2d/specimen_4/Specimen_4_1636.tif,tif,4,16000,16000,,,https://brainportal.humanbrain.in/code/2dviewer/annotation/public?data=3&region=-1&section=1636&type=hd
1639,data2d/specimen_4/Specimen_4_1639.tif,tif,4,16000,16000,,,https://brainportal.humanbrain.in/code/2dviewer/annotation/public?data=3&region=-1&section=1639&type=hd
1642,data2d/specimen_4/Specimen_4_1642.tif,tif,4,16000,16000,,,https://brainportal.humanbrain.in/code/2dviewer/annotation/public?data=3&region=-1&section=1642&type=hd
1645,data2d/specimen_4/Specimen_4_1645.tif,tif,4,16000,16000,,,https://brainportal.humanbrain.in/code/2dviewer/annotation/public?data=3&region=-1&section=1645&type=hd
1651,data2d/specimen_4/Specimen_4_1651.tif,tif,1,64000,64000,https://dharani-fetal-brain-atlas.s3.us-west-2.amazonaws.com/data2d/specimen_4/Specimen_4_1651.json,geojson,https://brainportal.humanbrain.in/code/2dviewer/annotation/public?data=3&region=-1&section=1651
1660,data2d/specimen_4/Specimen_4_1660.tif,tif,4,16000,16000,,,https://brainportal.humanbrain.in/code/2dviewer/annotation/public?data=3&region=-1&section=1660&type=hd
1663,data2d/specimen_4/Specimen_4_1663.tif,tif,4,16000,16000,,,https://brainportal.humanbrain.in/code/2dviewer/annotation/public?data=3&region=-1&section=1663&type=hd
1666,data2d/specimen_4/Specimen_4_1666.tif,tif,4,16000,16000,,,https://brainportal.humanbrain.in/code/2dviewer/annotation/public?data=3&region=-1&section=1666&type=hd
1669,data2d/specimen_4/Specimen_4_1669.tif,tif,4,16000,16000,,,https://brainportal.humanbrain.in/code/2dviewer/annotation/public?data=3&region=-1&section=1669&type=hd
1675,data2d/specimen_4/Specimen_4_1675.tif,tif,1,64000,64000,https://dharani-fetal-brain-atlas.s3.us-west-2.amazonaws.com/data2d/specimen_4/Specimen_4_1675.json,geojson,https://brainportal.humanbrain.in/code/2dviewer/annotation/public?data=3&region=-1&section=1675
1678,data2d/specimen_4/Specimen_4_1678.tif,tif,4,16000,16000,,,https://brainportal.humanbrain.in/code/2dviewer/annotation/public?data=3&region=-1&section=1678&type=hd
1681,data2d/specimen_4/Specimen_4_1681.tif,tif,4,16000,16000,,,https://brainportal.humanbrain.in/code/2dviewer/annotation/public?data=3&region=-1&section=1681&type=hd
1684,data2d/specimen_4/Specimen_4_1684.tif,tif,4,16000,16000,,,https://brainportal.humanbrain.in/code/2dviewer/annotation/public?data=3&region=-1&section=1684&type=hd
1687,data2d/specimen_4/Specimen_4_1687.tif,tif,4,16000,16000,,,https://brainportal.humanbrain.in/code/2dviewer/annotation/public?data=3&region=-1&section=1687&type=hd
1690,data2d/specimen_4/Specimen_4_1690.tif,tif,4,16000,16000,,,https://brainportal.humanbrain.in/code/2dviewer/annotation/public?data=3&region=-1&section=1690&type=hd
1693,data2d/specimen_4/Specimen_4_1693.tif,tif,1,64000,64000,https://dharani-fetal-brain-atlas.s3.us-west-2.amazonaws.com/data2d/specimen_4/Specimen_4_1693.json,geojson,https://brainportal.humanbrain.in/code/2dviewer/annotation/public?data=3&region=-1&section=1693
1699,data2d/specimen_4/Specimen_4_1699.tif,tif,4,16000,16000,,,https://brainportal.humanbrain.in/code/2dviewer/annotation/public?data=3&region=-1&section=1699&type=hd
1702,data2d/specimen_4/Specimen_4_1702.tif,tif,4,16000,16000,,,https://brainportal.humanbrain.in/code/2dviewer/annotation/public?data=3&region=-1&section=1702&type=hd
1705,data2d/specimen_4/Specimen_4_1705.tif,tif,4,16000,16000,,,https://brainportal.humanbrain.in/code/2dviewer/annotation/public?data=3&region=-1&section=1705&type=hd
1708,data2d/specimen_4/Specimen_4_1708.tif,tif,1,64000,64000,https://dharani-fetal-brain-atlas.s3.us-west-2.amazonaws.com/data2d/specimen_4/Specimen_4_1708.json,geojson,https://brainportal.humanbrain.in/code/2dviewer/annotation/public?data=3&region=-1&section=1708
1711,data2d/specimen_4/Specimen_4_1711.tif,tif,4,16000,16000,,,https://brainportal.humanbrain.in/code/2dviewer/annotation/public?data=3&region=-1&section=1711&type=hd
1714,data2d/specimen_4/Specimen_4_1714.tif,tif,4,16000,16000,,,https://brainportal.humanbrain.in/code/2dviewer/annotation/public?data=3&region=-1&section=1714&type=hd
1717,data2d/specimen_4/Specimen_4_1717.tif,tif,4,16000,16000,,,https://brainportal.humanbrain.in/code/2dviewer/annotation/public?data=3&region=-1&section=1717&type=hd
1723,data2d/specimen_4/Specimen_4_1723.tif,tif,4,16000,16000,,,https://brainportal.humanbrain.in/code/2dviewer/annotation/public?data=3&region=-1&section=1723&type=hd
1726,data2d/specimen_4/Specimen_4_1726.tif,tif,4,16000,16000,,,https://brainportal.humanbrain.in/code/2dviewer/annotation/public?data=3&region=-1&section=1726&type=hd
1729,data2d/specimen_4/Specimen_4_1729.tif,tif,1,64000,64000,https://dharani-fetal-brain-atlas.s3.us-west-2.amazonaws.com/data2d/specimen_4/Specimen_4_1729.json,geojson,https://brainportal.humanbrain.in/code/2dviewer/annotation/public?data=3&region=-1&section=1729
1732,data2d/specimen_4/Specimen_4_1732.tif,tif,4,16000,16000,,,https://brainportal.humanbrain.in/code/2dviewer/annotation/public?data=3&region=-1&section=1732&type=hd
1735,data2d/specimen_4/Specimen_4_1735.tif,tif,4,16000,16000,,,https://brainportal.humanbrain.in/code/2dviewer/annotation/public?data=3&region=-1&section=1735&type=hd
1741,data2d/specimen_4/Specimen_4_1741.tif,tif,4,16000,16000,,,https://brainportal.humanbrain.in/code/2dviewer/annotation/public?data=3&region=-1&section=1741&type=hd
1744,data2d/specimen_4/Specimen_4_1744.tif,tif,4,16000,16000,,,https://brainportal.humanbrain.in/code/2dviewer/annotation/public?data=3&region=-1&section=1744&type=hd
1747,data2d/specimen_4/Specimen_4_1747.tif,tif,4,16000,16000,,,https://brainportal.humanbrain.in/code/2dviewer/annotation/public?data=3&region=-1&section=1747&type=hd
1750,data2d/specimen_4/Specimen_4_1750.tif,tif,1,64000,64000,https://dharani-fetal-brain-atlas.s3.us-west-2.amazonaws.com/data2d/specimen_4/Specimen_4_1750.json,geojson,https://brainportal.humanbrain.in/code/2dviewer/annotation/public?data=3&region=-1&section=1750
1753,data2d/specimen_4/Specimen_4_1753.tif,tif,4,16000,16000,,,https://brainportal.humanbrain.in/code/2dviewer/annotation/public?data=3&region=-1&section=1753&type=hd
1756,data2d/specimen_4/Specimen_4_1756.tif,tif,4,16000,16000,,,https://brainportal.humanbrain.in/code/2dviewer/annotation/public?data=3&region=-1&section=1756&type=hd
1759,data2d/specimen_4/Specimen_4_1759.tif,tif,4,16000,16000,,,https://brainportal.humanbrain.in/code/2dviewer/annotation/public?data=3&region=-1&section=1759&type=hd
1762,data2d/specimen_4/Specimen_4_1762.tif,tif,4,16000,16000,,,https://brainportal.humanbrain.in/code/2dviewer/annotation/public?data=3&region=-1&section=1762&type=hd
1765,data2d/specimen_4/Specimen_4_1765.tif,tif,4,16000,16000,,,https://brainportal.humanbrain.in/code/2dviewer/annotation/public?data=3&region=-1&section=1765&type=hd
1768,data2d/specimen_4/Specimen_4_1768.tif,tif,1,64000,64000,https://dharani-fetal-brain-atlas.s3.us-west-2.amazonaws.com/data2d/specimen_4/Specimen_4_1768.json,geojson,https://brainportal.humanbrain.in/code/2dviewer/annotation/public?data=3&region=-1&section=1768
1771,data2d/specimen_4/Specimen_4_1771.tif,tif,4,16000,16000,,,https://brainportal.humanbrain.in/code/2dviewer/annotation/public?data=3&region=-1&section=1771&type=hd
1774,data2d/specimen_4/Specimen_4_1774.tif,tif,4,16000,16000,,,https://brainportal.humanbrain.in/code/2dviewer/annotation/public?data=3&region=-1&section=1774&type=hd
1777,data2d/specimen_4/Specimen_4_1777.tif,tif,4,16000,16000,,,https://brainportal.humanbrain.in/code/2dviewer/annotation/public?data=3&region=-1&section=1777&type=hd
1786,data2d/specimen_4/Specimen_4_1786.tif,tif,1,64000,64000,https://dharani-fetal-brain-atlas.s3.us-west-2.amazonaws.com/data2d/specimen_4/Specimen_4_1786.json,geojson,https://brainportal.humanbrain.in/code/2dviewer/annotation/public?data=3&region=-1&section=1786
1792,data2d/specimen_4/Specimen_4_1792.tif,tif,4,16000,16000,,,https://brainportal.humanbrain.in/code/2dviewer/annotation/public?data=3&region=-1&section=1792&type=hd
1795,data2d/specimen_4/Specimen_4_1795.tif,tif,4,16000,16000,,,https://brainportal.humanbrain.in/code/2dviewer/annotation/public?data=3&region=-1&section=1795&type=hd
1798,data2d/specimen_4/Specimen_4_1798.tif,tif,4,16000,16000,,,https://brainportal.humanbrain.in/code/2dviewer/annotation/public?data=3&region=-1&section=1798&type=hd
1801,data2d/specimen_4/Specimen_4_1801.tif,tif,4,16000,16000,,,https://brainportal.humanbrain.in/code/2dviewer/annotation/public?data=3&region=-1&section=1801&type=hd
1804,data2d/specimen_4/Specimen_4_1804.tif,tif,4,16000,16000,,,https://brainportal.humanbrain.in/code/2dviewer/annotation/public?data=3&region=-1&section=1804&type=hd
1807,data2d/specimen_4/Specimen_4_1807.tif,tif,4,16000,16000,,,https://brainportal.humanbrain.in/code/2dviewer/annotation/public?data=3&region=-1&section=1807&type=hd
1810,data2d/specimen_4/Specimen_4_1810.tif,tif,4,16000,16000,,,https://brainportal.humanbrain.in/code/2dviewer/annotation/public?data=3&region=-1&section=1810&type=hd
1816,data2d/specimen_4/Specimen_4_1816.tif,tif,4,16000,16000,,,https://brainportal.humanbrain.in/code/2dviewer/annotation/public?data=3&region=-1&section=1816&type=hd
1819,data2d/specimen_4/Specimen_4_1819.tif,tif,1,64000,64000,https://dharani-fetal-brain-atlas.s3.us-west-2.amazonaws.com/data2d/specimen_4/Specimen_4_1819.json,geojson,https://brainportal.humanbrain.in/code/2dviewer/annotation/public?data=3&region=-1&section=1819
1822,data2d/specimen_4/Specimen_4_1822.tif,tif,4,16000,16000,,,https://brainportal.humanbrain.in/code/2dviewer/annotation/public?data=3&region=-1&section=1822&type=hd
1825,data2d/specimen_4/Specimen_4_1825.tif,tif,4,16000,16000,,,https://brainportal.humanbrain.in/code/2dviewer/annotation/public?data=3&region=-1&section=1825&type=hd
1828,data2d/specimen_4/Specimen_4_1828.tif,tif,4,16000,16000,,,https://brainportal.humanbrain.in/code/2dviewer/annotation/public?data=3&region=-1&section=1828&type=hd
1831,data2d/specimen_4/Specimen_4_1831.tif,tif,4,16000,16000,,,https://brainportal.humanbrain.in/code/2dviewer/annotation/public?data=3&region=-1&section=1831&type=hd
1834,data2d/specimen_4/Specimen_4_1834.tif,tif,4,16000,16000,,,https://brainportal.humanbrain.in/code/2dviewer/annotation/public?data=3&region=-1&section=1834&type=hd
1837,data2d/specimen_4/Specimen_4_1837.tif,tif,1,64000,64000,https://dharani-fetal-brain-atlas.s3.us-west-2.amazonaws.com/data2d/specimen_4/Specimen_4_1837.json,geojson,https://brainportal.humanbrain.in/code/2dviewer/annotation/public?data=3&region=-1&section=1837
1843,data2d/specimen_4/Specimen_4_1843.tif,tif,4,16000,16000,,,https://brainportal.humanbrain.in/code/2dviewer/annotation/public?data=3&region=-1&section=1843&type=hd
1846,data2d/specimen_4/Specimen_4_1846.tif,tif,4,16000,16000,,,https://brainportal.humanbrain.in/code/2dviewer/annotation/public?data=3&region=-1&section=1846&type=hd
1849,data2d/specimen_4/Specimen_4_1849.tif,tif,4,16000,16000,,,https://brainportal.humanbrain.in/code/2dviewer/annotation/public?data=3&region=-1&section=1849&type=hd
1852,data2d/specimen_4/Specimen_4_1852.tif,tif,1,64000,64000,https://dharani-fetal-brain-atlas.s3.us-west-2.amazonaws.com/data2d/specimen_4/Specimen_4_1852.json,geojson,https://brainportal.humanbrain.in/code/2dviewer/annotation/public?data=3&region=-1&section=1852
1858,data2d/specimen_4/Specimen_4_1858.tif,tif,4,16000,16000,,,https://brainportal.humanbrain.in/code/2dviewer/annotation/public?data=3&region=-1&section=1858&type=hd
1861,data2d/specimen_4/Specimen_4_1861.tif,tif,4,16000,16000,,,https://brainportal.humanbrain.in/code/2dviewer/annotation/public?data=3&region=-1&section=1861&type=hd
1864,data2d/specimen_4/Specimen_4_1864.tif,tif,4,16000,16000,,,https://brainportal.humanbrain.in/code/2dviewer/annotation/public?data=3&region=-1&section=1864&type=hd
1867,data2d/specimen_4/Specimen_4_1867.tif,tif,4,16000,16000,,,https://brainportal.humanbrain.in/code/2dviewer/annotation/public?data=3&region=-1&section=1867&type=hd
1870,data2d/specimen_4/Specimen_4_1870.tif,tif,4,16000,16000,,,https://brainportal.humanbrain.in/code/2dviewer/annotation/public?data=3&region=-1&section=1870&type=hd
1873,data2d/specimen_4/Specimen_4_1873.tif,tif,1,64000,64000,https://dharani-fetal-brain-atlas.s3.us-west-2.amazonaws.com/data2d/specimen_4/Specimen_4_1873.json,geojson,https://brainportal.humanbrain.in/code/2dviewer/annotation/public?data=3&region=-1&section=1873
1876,data2d/specimen_4/Specimen_4_1876.tif,tif,4,16000,16000,,,https://brainportal.humanbrain.in/code/2dviewer/annotation/public?data=3&region=-1&section=1876&type=hd
1879,data2d/specimen_4/Specimen_4_1879.tif,tif,4,16000,16000,,,https://brainportal.humanbrain.in/code/2dviewer/annotation/public?data=3&region=-1&section=1879&type=hd
1882,data2d/specimen_4/Specimen_4_1882.tif,tif,4,16000,16000,,,https://brainportal.humanbrain.in/code/2dviewer/annotation/public?data=3&region=-1&section=1882&type=hd
1885,data2d/specimen_4/Specimen_4_1885.tif,tif,4,16000,16000,,,https://brainportal.humanbrain.in/code/2dviewer/annotation/public?data=3&region=-1&section=1885&type=hd
1888,data2d/specimen_4/Specimen_4_1888.tif,tif,4,16000,16000,,,https://brainportal.humanbrain.in/code/2dviewer/annotation/public?data=3&region=-1&section=1888&type=hd
1903,data2d/specimen_4/Specimen_4_1903.tif,tif,1,64000,64000,https://dharani-fetal-brain-atlas.s3.us-west-2.amazonaws.com/data2d/specimen_4/Specimen_4_1903.json,geojson,https://brainportal.humanbrain.in/code/2dviewer/annotation/public?data=3&region=-1&section=1903
1906,data2d/specimen_4/Specimen_4_1906.tif,tif,4,16000,16000,,,https://brainportal.humanbrain.in/code/2dviewer/annotation/public?data=3&region=-1&section=1906&type=hd
1909,data2d/specimen_4/Specimen_4_1909.tif,tif,4,16000,16000,,,https://brainportal.humanbrain.in/code/2dviewer/annotation/public?data=3&region=-1&section=1909&type=hd
1912,data2d/specimen_4/Specimen_4_1912.tif,tif,4,16000,16000,,,https://brainportal.humanbrain.in/code/2dviewer/annotation/public?data=3&region=-1&section=1912&type=hd
1915,data2d/specimen_4/Specimen_4_1915.tif,tif,1,64000,64000,https://dharani-fetal-brain-atlas.s3.us-west-2.amazonaws.com/data2d/specimen_4/Specimen_4_1915.json,geojson,https://brainportal.humanbrain.in/code/2dviewer/annotation/public?data=3&region=-1&section=1915
1918,data2d/specimen_4/Specimen_4_1918.tif,tif,4,16000,16000,,,https://brainportal.humanbrain.in/code/2dviewer/annotation/public?data=3&region=-1&section=1918&type=hd
1921,data2d/specimen_4/Specimen_4_1921.tif,tif,4,16000,16000,,,https://brainportal.humanbrain.in/code/2dviewer/annotation/public?data=3&region=-1&section=1921&type=hd
1924,data2d/specimen_4/Specimen_4_1924.tif,tif,4,16000,16000,,,https://brainportal.humanbrain.in/code/2dviewer/annotation/public?data=3&region=-1&section=1924&type=hd
1927,data2d/specimen_4/Specimen_4_1927.tif,tif,4,16000,16000,,,https://brainportal.humanbrain.in/code/2dviewer/annotation/public?data=3&region=-1&section=1927&type=hd
1930,data2d/specimen_4/Specimen_4_1930.tif,tif,1,64000,64000,https://dharani-fetal-brain-atlas.s3.us-west-2.amazonaws.com/data2d/specimen_4/Specimen_4_1930.json,geojson,https://brainportal.humanbrain.in/code/2dviewer/annotation/public?data=3&region=-1&section=1930
1936,data2d/specimen_4/Specimen_4_1936.tif,tif,4,16000,16000,,,https://brainportal.humanbrain.in/code/2dviewer/annotation/public?data=3&region=-1&section=1936&type=hd
1939,data2d/specimen_4/Specimen_4_1939.tif,tif,4,16000,16000,,,https://brainportal.humanbrain.in/code/2dviewer/annotation/public?data=3&region=-1&section=1939&type=hd
1945,data2d/specimen_4/Specimen_4_1945.tif,tif,4,16000,16000,,,https://brainportal.humanbrain.in/code/2dviewer/annotation/public?data=3&region=-1&section=1945&type=hd
1948,data2d/specimen_4/Specimen_4_1948.tif,tif,4,16000,16000,,,https://brainportal.humanbrain.in/code/2dviewer/annotation/public?data=3&region=-1&section=1948&type=hd
1951,data2d/specimen_4/Specimen_4_1951.tif,tif,1,64000,64000,https://dharani-fetal-brain-atlas.s3.us-west-2.amazonaws.com/data2d/specimen_4/Specimen_4_1951.json,geojson,https://brainportal.humanbrain.in/code/2dviewer/annotation/public?data=3&region=-1&section=1951
1954,data2d/specimen_4/Specimen_4_1954.tif,tif,4,16000,16000,,,https://brainportal.humanbrain.in/code/2dviewer/annotation/public?data=3&region=-1&section=1954&type=hd
1957,data2d/specimen_4/Specimen_4_1957.tif,tif,4,16000,16000,,,https://brainportal.humanbrain.in/code/2dviewer/annotation/public?data=3&region=-1&section=1957&type=hd
1960,data2d/specimen_4/Specimen_4_1960.tif,tif,1,64000,64000,https://dharani-fetal-brain-atlas.s3.us-west-2.amazonaws.com/data2d/specimen_4/Specimen_4_1960.json,geojson,https://brainportal.humanbrain.in/code/2dviewer/annotation/public?data=3&region=-1&section=1960
1963,data2d/specimen_4/Specimen_4_1963.tif,tif,4,16000,16000,,,https://brainportal.humanbrain.in/code/2dviewer/annotation/public?data=3&region=-1&section=1963&type=hd
1969,data2d/specimen_4/Specimen_4_1969.tif,tif,4,16000,16000,,,https://brainportal.humanbrain.in/code/2dviewer/annotation/public?data=3&region=-1&section=1969&type=hd
1972,data2d/specimen_4/Specimen_4_1972.tif,tif,4,16000,16000,,,https://brainportal.humanbrain.in/code/2dviewer/annotation/public?data=3&region=-1&section=1972&type=hd
1981,data2d/specimen_4/Specimen_4_1981.tif,tif,4,16000,16000,,,https://brainportal.humanbrain.in/code/2dviewer/annotation/public?data=3&region=-1&section=1981&type=hd
1987,data2d/specimen_4/Specimen_4_1987.tif,tif,4,16000,16000,,,https://brainportal.humanbrain.in/code/2dviewer/annotation/public?data=3&region=-1&section=1987&type=hd
1999,data2d/specimen_4/Specimen_4_1999.tif,tif,1,64000,64000,https://dharani-fetal-brain-atlas.s3.us-west-2.amazonaws.com/data2d/specimen_4/Specimen_4_1999.json,geojson,https://brainportal.humanbrain.in/code/2dviewer/annotation/public?data=3&region=-1&section=1999
2002,data2d/specimen_4/Specimen_4_2002.tif,tif,4,16000,16000,,,https://brainportal.humanbrain.in/code/2dviewer/annotation/public?data=3&region=-1&section=2002&type=hd
2005,data2d/specimen_4/Specimen_4_2005.tif,tif,4,16000,16000,,,https://brainportal.humanbrain.in/code/2dviewer/annotation/public?data=3&region=-1&section=2005&type=hd
2011,data2d/specimen_4/Specimen_4_2011.tif,tif,4,16000,16000,,,https://brainportal.humanbrain.in/code/2dviewer/annotation/public?data=3&region=-1&section=2011&type=hd
2014,data2d/specimen_4/Specimen_4_2014.tif,tif,4,16000,16000,,,https://brainportal.humanbrain.in/code/2dviewer/annotation/public?data=3&region=-1&section=2014&type=hd
2017,data2d/specimen_4/Specimen_4_2017.tif,tif,1,64000,64000,https://dharani-fetal-brain-atlas.s3.us-west-2.amazonaws.com/data2d/specimen_4/Specimen_4_2017.json,geojson,https://brainportal.humanbrain.in/code/2dviewer/annotation/public?data=3&region=-1&section=2017
2023,data2d/specimen_4/Specimen_4_2023.tif,tif,4,16000,16000,,,https://brainportal.humanbrain.in/code/2dviewer/annotation/public?data=3&region=-1&section=2023&type=hd
2026,data2d/specimen_4/Specimen_4_2026.tif,tif,4,16000,16000,,,https://brainportal.humanbrain.in/code/2dviewer/annotation/public?data=3&region=-1&section=2026&type=hd
2029,data2d/specimen_4/Specimen_4_2029.tif,tif,4,16000,16000,,,https://brainportal.humanbrain.in/code/2dviewer/annotation/public?data=3&region=-1&section=2029&type=hd
2032,data2d/specimen_4/Specimen_4_2032.tif,tif,4,16000,16000,,,https://brainportal.humanbrain.in/code/2dviewer/annotation/public?data=3&region=-1&section=2032&type=hd
2035,data2d/specimen_4/Specimen_4_2035.tif,tif,4,16000,16000,,,https://brainportal.humanbrain.in/code/2dviewer/annotation/public?data=3&region=-1&section=2035&type=hd
2038,data2d/specimen_4/Specimen_4_2038.tif,tif,4,16000,16000,,,https://brainportal.humanbrain.in/code/2dviewer/annotation/public?data=3&region=-1&section=2038&type=hd
2041,data2d/specimen_4/Specimen_4_2041.tif,tif,1,64000,64000,https://dharani-fetal-brain-atlas.s3.us-west-2.amazonaws.com/data2d/specimen_4/Specimen_4_2041.json,geojson,https://brainportal.humanbrain.in/code/2dviewer/annotation/public?data=3&region=-1&section=2041
2044,data2d/specimen_4/Specimen_4_2044.tif,tif,4,16000,16000,,,https://brainportal.humanbrain.in/code/2dviewer/annotation/public?data=3&region=-1&section=2044&type=hd
2050,data2d/specimen_4/Specimen_4_2050.tif,tif,4,16000,16000,,,https://brainportal.humanbrain.in/code/2dviewer/annotation/public?data=3&region=-1&section=2050&type=hd
2053,data2d/specimen_4/Specimen_4_2053.tif,tif,4,16000,16000,,,https://brainportal.humanbrain.in/code/2dviewer/annotation/public?data=3&region=-1&section=2053&type=hd
2056,data2d/specimen_4/Specimen_4_2056.tif,tif,4,16000,16000,,,https://brainportal.humanbrain.in/code/2dviewer/annotation/public?data=3&region=-1&section=2056&type=hd
2059,data2d/specimen_4/Specimen_4_2059.tif,tif,4,16000,16000,,,https://brainportal.humanbrain.in/code/2dviewer/annotation/public?data=3&region=-1&section=2059&type=hd
2062,data2d/specimen_4/Specimen_4_2062.tif,tif,4,16000,16000,,,https://brainportal.humanbrain.in/code/2dviewer/annotation/public?data=3&region=-1&section=2062&type=hd
2065,data2d/specimen_4/Specimen_4_2065.tif,tif,1,64000,64000,https://dharani-fetal-brain-atlas.s3.us-west-2.amazonaws.com/data2d/specimen_4/Specimen_4_2065.json,geojson,https://brainportal.humanbrain.in/code/2dviewer/annotation/public?data=3&region=-1&section=2065
2068,data2d/specimen_4/Specimen_4_2068.tif,tif,4,16000,16000,,,https://brainportal.humanbrain.in/code/2dviewer/annotation/public?data=3&region=-1&section=2068&type=hd
2071,data2d/specimen_4/Specimen_4_2071.tif,tif,4,16000,16000,,,https://brainportal.humanbrain.in/code/2dviewer/annotation/public?data=3&region=-1&section=2071&type=hd
2077,data2d/specimen_4/Specimen_4_2077.tif,tif,4,16000,16000,,,https://brainportal.humanbrain.in/code/2dviewer/annotation/public?data=3&region=-1&section=2077&type=hd
2080,data2d/specimen_4/Specimen_4_2080.tif,tif,4,16000,16000,,,https://brainportal.humanbrain.in/code/2dviewer/annotation/public?data=3&region=-1&section=2080&type=hd
2083,data2d/specimen_4/Specimen_4_2083.tif,tif,4,16000,16000,,,https://brainportal.humanbrain.in/code/2dviewer/annotation/public?data=3&region=-1&section=2083&type=hd
2086,data2d/specimen_4/Specimen_4_2086.tif,tif,4,16000,16000,,,https://brainportal.humanbrain.in/code/2dviewer/annotation/public?data=3&region=-1&section=2086&type=hd
2089,data2d/specimen_4/Specimen_4_2089.tif,tif,4,16000,16000,,,https://brainportal.humanbrain.in/code/2dviewer/annotation/public?data=3&region=-1&section=2089&type=hd
2092,data2d/specimen_4/Specimen_4_2092.tif,tif,4,16000,16000,,,https://brainportal.humanbrain.in/code/2dviewer/annotation/public?data=3&region=-1&section=2092&type=hd
2095,data2d/specimen_4/Specimen_4_2095.tif,tif,1,64000,64000,https://dharani-fetal-brain-atlas.s3.us-west-2.amazonaws.com/data2d/specimen_4/Specimen_4_2095.json,geojson,https://brainportal.humanbrain.in/code/2dviewer/annotation/public?data=3&region=-1&section=2095
2098,data2d/specimen_4/Specimen_4_2098.tif,tif,4,16000,16000,,,https://brainportal.humanbrain.in/code/2dviewer/annotation/public?data=3&region=-1&section=2098&type=hd
2104,data2d/specimen_4/Specimen_4_2104.tif,tif,4,16000,16000,,,https://brainportal.humanbrain.in/code/2dviewer/annotation/public?data=3&region=-1&section=2104&type=hd
2107,data2d/specimen_4/Specimen_4_2107.tif,tif,4,16000,16000,,,https://brainportal.humanbrain.in/code/2dviewer/annotation/public?data=3&region=-1&section=2107&type=hd
2110,data2d/specimen_4/Specimen_4_2110.tif,tif,4,16000,16000,,,https://brainportal.humanbrain.in/code/2dviewer/annotation/public?data=3&region=-1&section=2110&type=hd
2113,data2d/specimen_4/Specimen_4_2113.tif,tif,4,16000,16000,,,https://brainportal.humanbrain.in/code/2dviewer/annotation/public?data=3&region=-1&section=2113&type=hd
2116,data2d/specimen_4/Specimen_4_2116.tif,tif,4,16000,16000,,,https://brainportal.humanbrain.in/code/2dviewer/annotation/public?data=3&region=-1&section=2116&type=hd
2119,data2d/specimen_4/Specimen_4_2119.tif,tif,4,16000,16000,,,https://brainportal.humanbrain.in/code/2dviewer/annotation/public?data=3&region=-1&section=2119&type=hd
2122,data2d/specimen_4/Specimen_4_2122.tif,tif,1,64000,64000,https://dharani-fetal-brain-atlas.s3.us-west-2.amazonaws.com/data2d/specimen_4/Specimen_4_2122.json,geojson,https://brainportal.humanbrain.in/code/2dviewer/annotation/public?data=3&region=-1&section=2122
2125,data2d/specimen_4/Specimen_4_2125.tif,tif,4,16000,16000,,,https://brainportal.humanbrain.in/code/2dviewer/annotation/public?data=3&region=-1&section=2125&type=hd
2128,data2d/specimen_4/Specimen_4_2128.tif,tif,4,16000,16000,,,https://brainportal.humanbrain.in/code/2dviewer/annotation/public?data=3&region=-1&section=2128&type=hd
2131,data2d/specimen_4/Specimen_4_2131.tif,tif,4,16000,16000,,,https://brainportal.humanbrain.in/code/2dviewer/annotation/public?data=3&region=-1&section=2131&type=hd
2134,data2d/specimen_4/Specimen_4_2134.tif,tif,4,16000,16000,,,https://brainportal.humanbrain.in/code/2dviewer/annotation/public?data=3&region=-1&section=2134&type=hd
2137,data2d/specimen_4/Specimen_4_2137.tif,tif,4,16000,16000,,,https://brainportal.humanbrain.in/code/2dviewer/annotation/public?data=3&region=-1&section=2137&type=hd
2140,data2d/specimen_4/Specimen_4_2140.tif,tif,1,64000,64000,https://dharani-fetal-brain-atlas.s3.us-west-2.amazonaws.com/data2d/specimen_4/Specimen_4_2140.json,geojson,https://brainportal.humanbrain.in/code/2dviewer/annotation/public?data=3&region=-1&section=2140
2143,data2d/specimen_4/Specimen_4_2143.tif,tif,4,16000,16000,,,https://brainportal.humanbrain.in/code/2dviewer/annotation/public?data=3&region=-1&section=2143&type=hd
2146,data2d/specimen_4/Specimen_4_2146.tif,tif,4,16000,16000,,,https://brainportal.humanbrain.in/code/2dviewer/annotation/public?data=3&region=-1&section=2146&type=hd
2149,data2d/specimen_4/Specimen_4_2149.tif,tif,4,16000,16000,,,https://brainportal.humanbrain.in/code/2dviewer/annotation/public?data=3&region=-1&section=2149&type=hd
2152,data2d/specimen_4/Specimen_4_2152.tif,tif,4,16000,16000,,,https://brainportal.humanbrain.in/code/2dviewer/annotation/public?data=3&region=-1&section=2152&type=hd
2155,data2d/specimen_4/Specimen_4_2155.tif,tif,4,16000,16000,,,https://brainportal.humanbrain.in/code/2dviewer/annotation/public?data=3&region=-1&section=2155&type=hd
2158,data2d/specimen_4/Specimen_4_2158.tif,tif,1,64000,64000,https://dharani-fetal-brain-atlas.s3.us-west-2.amazonaws.com/data2d/specimen_4/Specimen_4_2158.json,geojson,https://brainportal.humanbrain.in/code/2dviewer/annotation/public?data=3&region=-1&section=2158
2161,data2d/specimen_4/Specimen_4_2161.tif,tif,4,16000,16000,,,https://brainportal.humanbrain.in/code/2dviewer/annotation/public?data=3&region=-1&section=2161&type=hd
2164,data2d/specimen_4/Specimen_4_2164.tif,tif,4,16000,16000,,,https://brainportal.humanbrain.in/code/2dviewer/annotation/public?data=3&region=-1&section=2164&type=hd
2167,data2d/specimen_4/Specimen_4_2167.tif,tif,1,64000,64000,https://dharani-fetal-brain-atlas.s3.us-west-2.amazonaws.com/data2d/specimen_4/Specimen_4_2167.json,geojson,https://brainportal.humanbrain.in/code/2dviewer/annotation/public?data=3&region=-1&section=2167
2170,data2d/specimen_4/Specimen_4_2170.tif,tif,4,16000,16000,,,https://brainportal.humanbrain.in/code/2dviewer/annotation/public?data=3&region=-1&section=2170&type=hd
2176,data2d/specimen_4/Specimen_4_2176.tif,tif,4,16000,16000,,,https://brainportal.humanbrain.in/code/2dviewer/annotation/public?data=3&region=-1&section=2176&type=hd
2179,data2d/specimen_4/Specimen_4_2179.tif,tif,4,16000,16000,,,https://brainportal.humanbrain.in/code/2dviewer/annotation/public?data=3&region=-1&section=2179&type=hd
2182,data2d/specimen_4/Specimen_4_2182.tif,tif,4,16000,16000,,,https://brainportal.humanbrain.in/code/2dviewer/annotation/public?data=3&region=-1&section=2182&type=hd
2185,data2d/specimen_4/Specimen_4_2185.tif,tif,4,16000,16000,,,https://brainportal.humanbrain.in/code/2dviewer/annotation/public?data=3&region=-1&section=2185&type=hd
2188,data2d/specimen_4/Specimen_4_2188.tif,tif,1,64000,64000,https://dharani-fetal-brain-atlas.s3.us-west-2.amazonaws.com/data2d/specimen_4/Specimen_4_2188.json,geojson,https://brainportal.humanbrain.in/code/2dviewer/annotation/public?data=3&region=-1&section=2188
2194,data2d/specimen_4/Specimen_4_2194.tif,tif,4,16000,16000,,,https://brainportal.humanbrain.in/code/2dviewer/annotation/public?data=3&region=-1&section=2194&type=hd
2197,data2d/specimen_4/Specimen_4_2197.tif,tif,4,16000,16000,,,https://brainportal.humanbrain.in/code/2dviewer/annotation/public?data=3&region=-1&section=2197&type=hd
2200,data2d/specimen_4/Specimen_4_2200.tif,tif,1,64000,64000,https://dharani-fetal-brain-atlas.s3.us-west-2.amazonaws.com/data2d/specimen_4/Specimen_4_2200.json,geojson,https://brainportal.humanbrain.in/code/2dviewer/annotation/public?data=3&region=-1&section=2200
2206,data2d/specimen_4/Specimen_4_2206.tif,tif,4,16000,16000,,,https://brainportal.humanbrain.in/code/2dviewer/annotation/public?data=3&region=-1&section=2206&type=hd
2209,data2d/specimen_4/Specimen_4_2209.tif,tif,4,16000,16000,,,https://brainportal.humanbrain.in/code/2dviewer/annotation/public?data=3&region=-1&section=2209&type=hd
2215,data2d/specimen_4/Specimen_4_2215.tif,tif,4,16000,16000,,,https://brainportal.humanbrain.in/code/2dviewer/annotation/public?data=3&region=-1&section=2215&type=hd
2218,data2d/specimen_4/Specimen_4_2218.tif,tif,4,16000,16000,,,https://brainportal.humanbrain.in/code/2dviewer/annotation/public?data=3&region=-1&section=2218&type=hd
2221,data2d/specimen_4/Specimen_4_2221.tif,tif,4,16000,16000,,,https://brainportal.humanbrain.in/code/2dviewer/annotation/public?data=3&region=-1&section=2221&type=hd
2224,data2d/specimen_4/Specimen_4_2224.tif,tif,4,16000,16000,,,https://brainportal.humanbrain.in/code/2dviewer/annotation/public?data=3&region=-1&section=2224&type=hd
2227,data2d/specimen_4/Specimen_4_2227.tif,tif,4,16000,16000,,,https://brainportal.humanbrain.in/code/2dviewer/annotation/public?data=3&region=-1&section=2227&type=hd
2230,data2d/specimen_4/Specimen_4_2230.tif,tif,1,64000,64000,https://dharani-fetal-brain-atlas.s3.us-west-2.amazonaws.com/data2d/specimen_4/Specimen_4_2230.json,geojson,https://brainportal.humanbrain.in/code/2dviewer/annotation/public?data=3&region=-1&section=2230
2233,data2d/specimen_4/Specimen_4_2233.tif,tif,4,16000,16000,,,https://brainportal.humanbrain.in/code/2dviewer/annotation/public?data=3&region=-1&section=2233&type=hd
2236,data2d/specimen_4/Specimen_4_2236.tif,tif,4,16000,16000,,,https://brainportal.humanbrain.in/code/2dviewer/annotation/public?data=3&region=-1&section=2236&type=hd
2239,data2d/specimen_4/Specimen_4_2239.tif,tif,1,64000,64000,https://dharani-fetal-brain-atlas.s3.us-west-2.amazonaws.com/data2d/specimen_4/Specimen_4_2239.json,geojson,https://brainportal.humanbrain.in/code/2dviewer/annotation/public?data=3&region=-1&section=2239
2242,data2d/specimen_4/Specimen_4_2242.tif,tif,4,16000,16000,,,https://brainportal.humanbrain.in/code/2dviewer/annotation/public?data=3&region=-1&section=2242&type=hd
2245,data2d/specimen_4/Specimen_4_2245.tif,tif,4,16000,16000,,,https://brainportal.humanbrain.in/code/2dviewer/annotation/public?data=3&region=-1&section=2245&type=hd
2248,data2d/specimen_4/Specimen_4_2248.tif,tif,4,16000,16000,,,https://brainportal.humanbrain.in/code/2dviewer/annotation/public?data=3&region=-1&section=2248&type=hd
2254,data2d/specimen_4/Specimen_4_2254.tif,tif,4,16000,16000,,,https://brainportal.humanbrain.in/code/2dviewer/annotation/public?data=3&region=-1&section=2254&type=hd
2257,data2d/specimen_4/Specimen_4_2257.tif,tif,4,16000,16000,,,https://brainportal.humanbrain.in/code/2dviewer/annotation/public?data=3&region=-1&section=2257&type=hd
2260,data2d/specimen_4/Specimen_4_2260.tif,tif,4,16000,16000,,,https://brainportal.humanbrain.in/code/2dviewer/annotation/public?data=3&region=-1&section=2260&type=hd
2263,data2d/specimen_4/Specimen_4_2263.tif,tif,4,16000,16000,,,https://brainportal.humanbrain.in/code/2dviewer/annotation/public?data=3&region=-1&section=2263&type=hd
2266,data2d/specimen_4/Specimen_4_2266.tif,tif,4,16000,16000,,,https://brainportal.humanbrain.in/code/2dviewer/annotation/public?data=3&region=-1&section=2266&type=hd
2269,data2d/specimen_4/Specimen_4_2269.tif,tif,4,16000,16000,,,https://brainportal.humanbrain.in/code/2dviewer/annotation/public?data=3&region=-1&section=2269&type=hd
2272,data2d/specimen_4/Specimen_4_2272.tif,tif,1,64000,64000,https://dharani-fetal-brain-atlas.s3.us-west-2.amazonaws.com/data2d/specimen_4/Specimen_4_2272.json,geojson,https://brainportal.humanbrain.in/code/2dviewer/annotation/public?data=3&region=-1&section=2272
2275,data2d/specimen_4/Specimen_4_2275.tif,tif,4,16000,16000,,,https://brainportal.humanbrain.in/code/2dviewer/annotation/public?data=3&region=-1&section=2275&type=hd
2278,data2d/specimen_4/Specimen_4_2278.tif,tif,4,16000,16000,,,https://brainportal.humanbrain.in/code/2dviewer/annotation/public?data=3&region=-1&section=2278&type=hd
2281,data2d/specimen_4/Specimen_4_2281.tif,tif,4,16000,16000,,,https://brainportal.humanbrain.in/code/2dviewer/annotation/public?data=3&region=-1&section=2281&type=hd
2284,data2d/specimen_4/Specimen_4_2284.tif,tif,4,16000,16000,,,https://brainportal.humanbrain.in/code/2dviewer/annotation/public?data=3&region=-1&section=2284&type=hd
2287,data2d/specimen_4/Specimen_4_2287.tif,tif,4,16000,16000,,,https://brainportal.humanbrain.in/code/2dviewer/annotation/public?data=3&region=-1&section=2287&type=hd
2290,data2d/specimen_4/Specimen_4_2290.tif,tif,4,16000,16000,,,https://brainportal.humanbrain.in/code/2dviewer/annotation/public?data=3&region=-1&section=2290&type=hd
2293,data2d/specimen_4/Specimen_4_2293.tif,tif,4,16000,16000,,,https://brainportal.humanbrain.in/code/2dviewer/annotation/public?data=3&region=-1&section=2293&type=hd
2296,data2d/specimen_4/Specimen_4_2296.tif,tif,1,64000,64000,https://dharani-fetal-brain-atlas.s3.us-west-2.amazonaws.com/data2d/specimen_4/Specimen_4_2296.json,geojson,https://brainportal.humanbrain.in/code/2dviewer/annotation/public?data=3&region=-1&section=2296
2299,data2d/specimen_4/Specimen_4_2299.tif,tif,4,16000,16000,,,https://brainportal.humanbrain.in/code/2dviewer/annotation/public?data=3&region=-1&section=2299&type=hd
2302,data2d/specimen_4/Specimen_4_2302.tif,tif,4,16000,16000,,,https://brainportal.humanbrain.in/code/2dviewer/annotation/public?data=3&region=-1&section=2302&type=hd
2305,data2d/specimen_4/Specimen_4_2305.tif,tif,4,16000,16000,,,https://brainportal.humanbrain.in/code/2dviewer/annotation/public?data=3&region=-1&section=2305&type=hd
2308,data2d/specimen_4/Specimen_4_2308.tif,tif,4,16000,16000,,,https://brainportal.humanbrain.in/code/2dviewer/annotation/public?data=3&region=-1&section=2308&type=hd
2311,data2d/specimen_4/Specimen_4_2311.tif,tif,4,16000,16000,,,https://brainportal.humanbrain.in/code/2dviewer/annotation/public?data=3&region=-1&section=2311&type=hd
2314,data2d/specimen_4/Specimen_4_2314.tif,tif,1,64000,64000,https://dharani-fetal-brain-atlas.s3.us-west-2.amazonaws.com/data2d/specimen_4/Specimen_4_2314.json,geojson,https://brainportal.humanbrain.in/code/2dviewer/annotation/public?data=3&region=-1&section=2314
2317,data2d/specimen_4/Specimen_4_2317.tif,tif,4,16000,16000,,,https://brainportal.humanbrain.in/code/2dviewer/annotation/public?data=3&region=-1&section=2317&type=hd
2320,data2d/specimen_4/Specimen_4_2320.tif,tif,4,16000,16000,,,https://brainportal.humanbrain.in/code/2dviewer/annotation/public?data=3&region=-1&section=2320&type=hd
2326,data2d/specimen_4/Specimen_4_2326.tif,tif,1,64000,64000,https://dharani-fetal-brain-atlas.s3.us-west-2.amazonaws.com/data2d/specimen_4/Specimen_4_2326.json,geojson,https://brainportal.humanbrain.in/code/2dviewer/annotation/public?data=3&region=-1&section=2326
2329,data2d/specimen_4/Specimen_4_2329.tif,tif,4,16000,16000,,,https://brainportal.humanbrain.in/code/2dviewer/annotation/public?data=3&region=-1&section=2329&type=hd
2332,data2d/specimen_4/Specimen_4_2332.tif,tif,1,64000,64000,https://dharani-fetal-brain-atlas.s3.us-west-2.amazonaws.com/data2d/specimen_4/Specimen_4_2332.json,geojson,https://brainportal.humanbrain.in/code/2dviewer/annotation/public?data=3&region=-1&section=2332
2335,data2d/specimen_4/Specimen_4_2335.tif,tif,4,16000,16000,,,https://brainportal.humanbrain.in/code/2dviewer/annotation/public?data=3&region=-1&section=2335&type=hd
2338,data2d/specimen_4/Specimen_4_2338.tif,tif,4,16000,16000,,,https://brainportal.humanbrain.in/code/2dviewer/annotation/public?data=3&region=-1&section=2338&type=hd
2341,data2d/specimen_4/Specimen_4_2341.tif,tif,4,16000,16000,,,https://brainportal.humanbrain.in/code/2dviewer/annotation/public?data=3&region=-1&section=2341&type=hd
2344,data2d/specimen_4/Specimen_4_2344.tif,tif,4,16000,16000,,,https://brainportal.humanbrain.in/code/2dviewer/annotation/public?data=3&region=-1&section=2344&type=hd
2347,data2d/specimen_4/Specimen_4_2347.tif,tif,4,16000,16000,,,https://brainportal.humanbrain.in/code/2dviewer/annotation/public?data=3&region=-1&section=2347&type=hd
2350,data2d/specimen_4/Specimen_4_2350.tif,tif,4,16000,16000,,,https://brainportal.humanbrain.in/code/2dviewer/annotation/public?data=3&region=-1&section=2350&type=hd
2353,data2d/specimen_4/Specimen_4_2353.tif,tif,1,64000,64000,https://dharani-fetal-brain-atlas.s3.us-west-2.amazonaws.com/data2d/specimen_4/Specimen_4_2353.json,geojson,https://brainportal.humanbrain.in/code/2dviewer/annotation/public?data=3&region=-1&section=2353
2356,data2d/specimen_4/Specimen_4_2356.tif,tif,4,16000,16000,,,https://brainportal.humanbrain.in/code/2dviewer/annotation/public?data=3&region=-1&section=2356&type=hd
2359,data2d/specimen_4/Specimen_4_2359.tif,tif,4,16000,16000,,,https://brainportal.humanbrain.in/code/2dviewer/annotation/public?data=3&region=-1&section=2359&type=hd
2362,data2d/specimen_4/Specimen_4_2362.tif,tif,4,16000,16000,,,https://brainportal.humanbrain.in/code/2dviewer/annotation/public?data=3&region=-1&section=2362&type=hd
2365,data2d/specimen_4/Specimen_4_2365.tif,tif,4,16000,16000,,,https://brainportal.humanbrain.in/code/2dviewer/annotation/public?data=3&region=-1&section=2365&type=hd
2368,data2d/specimen_4/Specimen_4_2368.tif,tif,4,16000,16000,,,https://brainportal.humanbrain.in/code/2dviewer/annotation/public?data=3&region=-1&section=2368&type=hd
2371,data2d/specimen_4/Specimen_4_2371.tif,tif,4,16000,16000,,,https://brainportal.humanbrain.in/code/2dviewer/annotation/public?data=3&region=-1&section=2371&type=hd
2374,data2d/specimen_4/Specimen_4_2374.tif,tif,1,64000,64000,https://dharani-fetal-brain-atlas.s3.us-west-2.amazonaws.com/data2d/specimen_4/Specimen_4_2374.json,geojson,https://brainportal.humanbrain.in/code/2dviewer/annotation/public?data=3&region=-1&section=2374
2377,data2d/specimen_4/Specimen_4_2377.tif,tif,4,16000,16000,,,https://brainportal.humanbrain.in/code/2dviewer/annotation/public?data=3&region=-1&section=2377&type=hd
2380,data2d/specimen_4/Specimen_4_2380.tif,tif,4,16000,16000,,,https://brainportal.humanbrain.in/code/2dviewer/annotation/public?data=3&region=-1&section=2380&type=hd
2383,data2d/specimen_4/Specimen_4_2383.tif,tif,4,16000,16000,,,https://brainportal.humanbrain.in/code/2dviewer/annotation/public?data=3&region=-1&section=2383&type=hd
2386,data2d/specimen_4/Specimen_4_2386.tif,tif,4,16000,16000,,,https://brainportal.humanbrain.in/code/2dviewer/annotation/public?data=3&region=-1&section=2386&type=hd
2389,data2d/specimen_4/Specimen_4_2389.tif,tif,4,16000,16000,,,https://brainportal.humanbrain.in/code/2dviewer/annotation/public?data=3&region=-1&section=2389&type=hd
2392,data2d/specimen_4/Specimen_4_2392.tif,tif,1,64000,64000,https://dharani-fetal-brain-atlas.s3.us-west-2.amazonaws.com/data2d/specimen_4/Specimen_4_2392.json,geojson,https://brainportal.humanbrain.in/code/2dviewer/annotation/public?data=3&region=-1&section=2392
2395,data2d/specimen_4/Specimen_4_2395.tif,tif,4,16000,16000,,,https://brainportal.humanbrain.in/code/2dviewer/annotation/public?data=3&region=-1&section=2395&type=hd
2398,data2d/specimen_4/Specimen_4_2398.tif,tif,4,16000,16000,,,https://brainportal.humanbrain.in/code/2dviewer/annotation/public?data=3&region=-1&section=2398&type=hd
2401,data2d/specimen_4/Specimen_4_2401.tif,tif,4,16000,16000,,,https://brainportal.humanbrain.in/code/2dviewer/annotation/public?data=3&region=-1&section=2401&type=hd
2407,data2d/specimen_4/Specimen_4_2407.tif,tif,4,16000,16000,,,https://brainportal.humanbrain.in/code/2dviewer/annotation/public?data=3&region=-1&section=2407&type=hd
2410,data2d/specimen_4/Specimen_4_2410.tif,tif,4,16000,16000,,,https://brainportal.humanbrain.in/code/2dviewer/annotation/public?data=3&region=-1&section=2410&type=hd
2416,data2d/specimen_4/Specimen_4_2416.tif,tif,4,16000,16000,,,https://brainportal.humanbrain.in/code/2dviewer/annotation/public?data=3&region=-1&section=2416&type=hd
2419,data2d/specimen_4/Specimen_4_2419.tif,tif,1,64000,64000,https://dharani-fetal-brain-atlas.s3.us-west-2.amazonaws.com/data2d/specimen_4/Specimen_4_2419.json,geojson,https://brainportal.humanbrain.in/code/2dviewer/annotation/public?data=3&region=-1&section=2419
2422,data2d/specimen_4/Specimen_4_2422.tif,tif,4,16000,16000,,,https://brainportal.humanbrain.in/code/2dviewer/annotation/public?data=3&region=-1&section=2422&type=hd
2425,data2d/specimen_4/Specimen_4_2425.tif,tif,4,16000,16000,,,https://brainportal.humanbrain.in/code/2dviewer/annotation/public?data=3&region=-1&section=2425&type=hd
2428,data2d/specimen_4/Specimen_4_2428.tif,tif,4,16000,16000,,,https://brainportal.humanbrain.in/code/2dviewer/annotation/public?data=3&region=-1&section=2428&type=hd
2431,data2d/specimen_4/Specimen_4_2431.tif,tif,1,64000,64000,https://dharani-fetal-brain-atlas.s3.us-west-2.amazonaws.com/data2d/specimen_4/Specimen_4_2431.json,geojson,https://brainportal.humanbrain.in/code/2dviewer/annotation/public?data=3&region=-1&section=2431
2434,data2d/specimen_4/Specimen_4_2434.tif,tif,4,16000,16000,,,https://brainportal.humanbrain.in/code/2dviewer/annotation/public?data=3&region=-1&section=2434&type=hd
2437,data2d/specimen_4/Specimen_4_2437.tif,tif,4,16000,16000,,,https://brainportal.humanbrain.in/code/2dviewer/annotation/public?data=3&region=-1&section=2437&type=hd
2440,data2d/specimen_4/Specimen_4_2440.tif,tif,4,16000,16000,,,https://brainportal.humanbrain.in/code/2dviewer/annotation/public?data=3&region=-1&section=2440&type=hd
2443,data2d/specimen_4/Specimen_4_2443.tif,tif,1,64000,64000,https://dharani-fetal-brain-atlas.s3.us-west-2.amazonaws.com/data2d/specimen_4/Specimen_4_2443.json,geojson,https://brainportal.humanbrain.in/code/2dviewer/annotation/public?data=3&region=-1&section=2443
2446,data2d/specimen_4/Specimen_4_2446.tif,tif,4,16000,16000,,,https://brainportal.humanbrain.in/code/2dviewer/annotation/public?data=3&region=-1&section=2446&type=hd
2452,data2d/specimen_4/Specimen_4_2452.tif,tif,4,16000,16000,,,https://brainportal.humanbrain.in/code/2dviewer/annotation/public?data=3&region=-1&section=2452&type=hd
2458,data2d/specimen_4/Specimen_4_2458.tif,tif,1,64000,64000,https://dharani-fetal-brain-atlas.s3.us-west-2.amazonaws.com/data2d/specimen_4/Specimen_4_2458.json,geojson,https://brainportal.humanbrain.in/code/2dviewer/annotation/public?data=3&region=-1&section=2458
2467,data2d/specimen_4/Specimen_4_2467.tif,tif,4,16000,16000,,,https://brainportal.humanbrain.in/code/2dviewer/annotation/public?data=3&region=-1&section=2467&type=hd
2470,data2d/specimen_4/Specimen_4_2470.tif,tif,4,16000,16000,,,https://brainportal.humanbrain.in/code/2dviewer/annotation/public?data=3&region=-1&section=2470&type=hd
2488,data2d/specimen_4/Specimen_4_2488.tif,tif,4,16000,16000,,,https://brainportal.humanbrain.in/code/2dviewer/annotation/public?data=3&region=-1&section=2488&type=hd
2491,data2d/specimen_4/Specimen_4_2491.tif,tif,4,16000,16000,,,https://brainportal.humanbrain.in/code/2dviewer/annotation/public?data=3&region=-1&section=2491&type=hd
2494,data2d/specimen_4/Specimen_4_2494.tif,tif,4,16000,16000,,,https://brainportal.humanbrain.in/code/2dviewer/annotation/public?data=3&region=-1&section=2494&type=hd
2497,data2d/specimen_4/Specimen_4_2497.tif,tif,4,16000,16000,,,https://brainportal.humanbrain.in/code/2dviewer/annotation/public?data=3&region=-1&section=2497&type=hd
2512,data2d/specimen_4/Specimen_4_2512.tif,tif,4,16000,16000,,,https://brainportal.humanbrain.in/code/2dviewer/annotation/public?data=3&region=-1&section=2512&type=hd
2518,data2d/specimen_4/Specimen_4_2518.tif,tif,4,16000,16000,,,https://brainportal.humanbrain.in/code/2dviewer/annotation/public?data=3&region=-1&section=2518&type=hd
2521,data2d/specimen_4/Specimen_4_2521.tif,tif,4,16000,16000,,,https://brainportal.humanbrain.in/code/2dviewer/annotation/public?data=3&region=-1&section=2521&type=hd
2524,data2d/specimen_4/Specimen_4_2524.tif,tif,4,16000,16000,,,https://brainportal.humanbrain.in/code/2dviewer/annotation/public?data=3&region=-1&section=2524&type=hd
2527,data2d/specimen_4/Specimen_4_2527.tif,tif,4,16000,16000,,,https://brainportal.humanbrain.in/code/2dviewer/annotation/public?data=3&region=-1&section=2527&type=hd
2530,data2d/specimen_4/Specimen_4_2530.tif,tif,1,64000,64000,https://dharani-fetal-brain-atlas.s3.us-west-2.amazonaws.com/data2d/specimen_4/Specimen_4_2530.json,geojson,https://brainportal.humanbrain.in/code/2dviewer/annotation/public?data=3&region=-1&section=2530
2533,data2d/specimen_4/Specimen_4_2533.tif,tif,4,16000,16000,,,https://brainportal.humanbrain.in/code/2dviewer/annotation/public?data=3&region=-1&section=2533&type=hd
2536,data2d/specimen_4/Specimen_4_2536.tif,tif,4,16000,16000,,,https://brainportal.humanbrain.in/code/2dviewer/annotation/public?data=3&region=-1&section=2536&type=hd
2539,data2d/specimen_4/Specimen_4_2539.tif,tif,4,16000,16000,,,https://brainportal.humanbrain.in/code/2dviewer/annotation/public?data=3&region=-1&section=2539&type=hd
2554,data2d/specimen_4/Specimen_4_2554.tif,tif,4,16000,16000,,,https://brainportal.humanbrain.in/code/2dviewer/annotation/public?data=3&region=-1&section=2554&type=hd
2557,data2d/specimen_4/Specimen_4_2557.tif,tif,4,16000,16000,,,https://brainportal.humanbrain.in/code/2dviewer/annotation/public?data=3&region=-1&section=2557&type=hd
2560,data2d/specimen_4/Specimen_4_2560.tif,tif,4,16000,16000,,,https://brainportal.humanbrain.in/code/2dviewer/annotation/public?data=3&region=-1&section=2560&type=hd
2563,data2d/specimen_4/Specimen_4_2563.tif,tif,4,16000,16000,,,https://brainportal.humanbrain.in/code/2dviewer/annotation/public?data=3&region=-1&section=2563&type=hd
2569,data2d/specimen_4/Specimen_4_2569.tif,tif,4,16000,16000,,,https://brainportal.humanbrain.in/code/2dviewer/annotation/public?data=3&region=-1&section=2569&type=hd
2575,data2d/specimen_4/Specimen_4_2575.tif,tif,4,16000,16000,,,https://brainportal.humanbrain.in/code/2dviewer/annotation/public?data=3&region=-1&section=2575&type=hd
2590,data2d/specimen_4/Specimen_4_2590.tif,tif,1,64000,64000,https://dharani-fetal-brain-atlas.s3.us-west-2.amazonaws.com/data2d/specimen_4/Specimen_4_2590.json,geojson,https://brainportal.humanbrain.in/code/2dviewer/annotation/public?data=3&region=-1&section=2590
2593,data2d/specimen_4/Specimen_4_2593.tif,tif,4,16000,16000,,,https://brainportal.humanbrain.in/code/2dviewer/annotation/public?data=3&region=-1&section=2593&type=hd
2596,data2d/specimen_4/Specimen_4_2596.tif,tif,4,16000,16000,,,https://brainportal.humanbrain.in/code/2dviewer/annotation/public?data=3&region=-1&section=2596&type=hd
2617,data2d/specimen_4/Specimen_4_2617.tif,tif,1,64000,64000,https://dharani-fetal-brain-atlas.s3.us-west-2.amazonaws.com/data2d/specimen_4/Specimen_4_2617.json,geojson,https://brainportal.humanbrain.in/code/2dviewer/annotation/public?data=3&region=-1&section=2617
2623,data2d/specimen_4/Specimen_4_2623.tif,tif,4,16000,16000,,,https://brainportal.humanbrain.in/code/2dviewer/annotation/public?data=3&region=-1&section=2623&type=hd
2626,data2d/specimen_4/Specimen_4_2626.tif,tif,4,16000,16000,,,https://brainportal.humanbrain.in/code/2dviewer/annotation/public?data=3&region=-1&section=2626&type=hd
2629,data2d/specimen_4/Specimen_4_2629.tif,tif,1,64000,64000,https://dharani-fetal-brain-atlas.s3.us-west-2.amazonaws.com/data2d/specimen_4/Specimen_4_2629.json,geojson,https://brainportal.humanbrain.in/code/2dviewer/annotation/public?data=3&region=-1&section=2629
2635,data2d/specimen_4/Specimen_4_2635.tif,tif,4,16000,16000,,,https://brainportal.humanbrain.in/code/2dviewer/annotation/public?data=3&region=-1&section=2635&type=hd
2644,data2d/specimen_4/Specimen_4_2644.tif,tif,4,16000,16000,,,https://brainportal.humanbrain.in/code/2dviewer/annotation/public?data=3&region=-1&section=2644&type=hd
2647,data2d/specimen_4/Specimen_4_2647.tif,tif,4,16000,16000,,,https://brainportal.humanbrain.in/code/2dviewer/annotation/public?data=3&region=-1&section=2647&type=hd
