section_number, image_url, image_format, image_resolution_mpp, image_width, image_height, atlas_url, atlas_format, viewer_url
4,data2d/specimen_5/Specimen_5_4.tif,tif,4,20000,20000,,,https://brainportal.humanbrain.in/code/2dviewer/annotation/public?data=4&region=-1&section=4&type=hd
7,data2d/specimen_5/Specimen_5_7.tif,tif,4,20000,20000,,,https://brainportal.humanbrain.in/code/2dviewer/annotation/public?data=4&region=-1&section=7&type=hd
10,data2d/specimen_5/Specimen_5_10.tif,tif,4,20000,20000,,,https://brainportal.humanbrain.in/code/2dviewer/annotation/public?data=4&region=-1&section=10&type=hd
13,data2d/specimen_5/Specimen_5_13.tif,tif,4,20000,20000,,,https://brainportal.humanbrain.in/code/2dviewer/annotation/public?data=4&region=-1&section=13&type=hd
16,data2d/specimen_5/Specimen_5_16.tif,tif,4,20000,20000,,,https://brainportal.humanbrain.in/code/2dviewer/annotation/public?data=4&region=-1&section=16&type=hd
22,data2d/specimen_5/Specimen_5_22.tif,tif,4,20000,20000,,,https://brainportal.humanbrain.in/code/2dviewer/annotation/public?data=4&region=-1&section=22&type=hd
25,data2d/specimen_5/Specimen_5_25.tif,tif,4,20000,20000,,,https://brainportal.humanbrain.in/code/2dviewer/annotation/public?data=4&region=-1&section=25&type=hd
28,data2d/specimen_5/Specimen_5_28.tif,tif,4,20000,20000,,,https://brainportal.humanbrain.in/code/2dviewer/annotation/public?data=4&region=-1&section=28&type=hd
31,data2d/specimen_5/Specimen_5_31.tif,tif,4,20000,20000,,,https://brainportal.humanbrain.in/code/2dviewer/annotation/public?data=4&region=-1&section=31&type=hd
34,data2d/specimen_5/Specimen_5_34.tif,tif,4,20000,20000,,,https://brainportal.humanbrain.in/code/2dviewer/annotation/public?data=4&region=-1&section=34&type=hd
37,data2d/specimen_5/Specimen_5_37.tif,tif,1,80000,80000,https://dharani-fetal-brain-atlas.s3.us-west-2.amazonaws.com/data2d/specimen_5/Specimen_5_37.json,geojson,https://brainportal.humanbrain.in/code/2dviewer/annotation/public?data=4&region=-1&section=37
40,data2d/specimen_5/Specimen_5_40.tif,tif,4,20000,20000,,,https://brainportal.humanbrain.in/code/2dviewer/annotation/public?data=4&region=-1&section=40&type=hd
43,data2d/specimen_5/Specimen_5_43.tif,tif,4,20000,20000,,,https://brainportal.humanbrain.in/code/2dviewer/annotation/public?data=4&region=-1&section=43&type=hd
49,data2d/specimen_5/Specimen_5_49.tif,tif,4,20000,20000,,,https://brainportal.humanbrain.in/code/2dviewer/annotation/public?data=4&region=-1&section=49&type=hd
58,data2d/specimen_5/Specimen_5_58.tif,tif,4,20000,20000,,,https://brainportal.humanbrain.in/code/2dviewer/annotation/public?data=4&region=-1&section=58&type=hd
61,data2d/specimen_5/Specimen_5_61.tif,tif,4,20000,20000,,,https://brainportal.humanbrain.in/code/2dviewer/annotation/public?data=4&region=-1&section=61&type=hd
67,data2d/specimen_5/Specimen_5_67.tif,tif,4,20000,20000,,,https://brainportal.humanbrain.in/code/2dviewer/annotation/public?data=4&region=-1&section=67&type=hd
73,data2d/specimen_5/Specimen_5_73.tif,tif,4,20000,20000,,,https://brainportal.humanbrain.in/code/2dviewer/annotation/public?data=4&region=-1&section=73&type=hd
76,data2d/specimen_5/Specimen_5_76.tif,tif,4,20000,20000,,,https://brainportal.humanbrain.in/code/2dviewer/annotation/public?data=4&region=-1&section=76&type=hd
79,data2d/specimen_5/Specimen_5_79.tif,tif,1,80000,80000,https://dharani-fetal-brain-atlas.s3.us-west-2.amazonaws.com/data2d/specimen_5/Specimen_5_79.json,geojson,https://brainportal.humanbrain.in/code/2dviewer/annotation/public?data=4&region=-1&section=79
85,data2d/specimen_5/Specimen_5_85.tif,tif,4,20000,20000,,,https://brainportal.humanbrain.in/code/2dviewer/annotation/public?data=4&region=-1&section=85&type=hd
88,data2d/specimen_5/Specimen_5_88.tif,tif,4,20000,20000,,,https://brainportal.humanbrain.in/code/2dviewer/annotation/public?data=4&region=-1&section=88&type=hd
91,data2d/specimen_5/Specimen_5_91.tif,tif,4,20000,20000,,,https://brainportal.humanbrain.in/code/2dviewer/annotation/public?data=4&region=-1&section=91&type=hd
94,data2d/specimen_5/Specimen_5_94.tif,tif,4,20000,20000,,,https://brainportal.humanbrain.in/code/2dviewer/annotation/public?data=4&region=-1&section=94&type=hd
97,data2d/specimen_5/Specimen_5_97.tif,tif,4,20000,20000,,,https://brainportal.humanbrain.in/code/2dviewer/annotation/public?data=4&region=-1&section=97&type=hd
100,data2d/specimen_5/Specimen_5_100.tif,tif,1,80000,80000,https://dharani-fetal-brain-atlas.s3.us-west-2.amazonaws.com/data2d/specimen_5/Specimen_5_100.json,geojson,https://brainportal.humanbrain.in/code/2dviewer/annotation/public?data=4&region=-1&section=100
103,data2d/specimen_5/Specimen_5_103.tif,tif,4,20000,20000,,,https://brainportal.humanbrain.in/code/2dviewer/annotation/public?data=4&region=-1&section=103&type=hd
106,data2d/specimen_5/Specimen_5_106.tif,tif,4,20000,20000,,,https://brainportal.humanbrain.in/code/2dviewer/annotation/public?data=4&region=-1&section=106&type=hd
109,data2d/specimen_5/Specimen_5_109.tif,tif,4,20000,20000,,,https://brainportal.humanbrain.in/code/2dviewer/annotation/public?data=4&region=-1&section=109&type=hd
112,data2d/specimen_5/Specimen_5_112.tif,tif,4,20000,20000,,,https://brainportal.humanbrain.in/code/2dviewer/annotation/public?data=4&region=-1&section=112&type=hd
115,data2d/specimen_5/Specimen_5_115.tif,tif,4,20000,20000,,,https://brainportal.humanbrain.in/code/2dviewer/annotation/public?data=4&region=-1&section=115&type=hd
118,data2d/specimen_5/Specimen_5_118.tif,tif,4,20000,20000,,,https://brainportal.humanbrain.in/code/2dviewer/annotation/public?data=4&region=-1&section=118&type=hd
124,data2d/specimen_5/Specimen_5_124.tif,tif,1,80000,80000,https://dharani-fetal-brain-atlas.s3.us-west-2.amazonaws.com/data2d/specimen_5/Specimen_5_124.json,geojson,https://brainportal.humanbrain.in/code/2dviewer/annotation/public?data=4&region=-1&section=124
127,data2d/specimen_5/Specimen_5_127.tif,tif,4,20000,20000,,,https://brainportal.humanbrain.in/code/2dviewer/annotation/public?data=4&region=-1&section=127&type=hd
130,data2d/specimen_5/Specimen_5_130.tif,tif,4,20000,20000,,,https://brainportal.humanbrain.in/code/2dviewer/annotation/public?data=4&region=-1&section=130&type=hd
133,data2d/specimen_5/Specimen_5_133.tif,tif,4,20000,20000,,,https://brainportal.humanbrain.in/code/2dviewer/annotation/public?data=4&region=-1&section=133&type=hd
136,data2d/specimen_5/Specimen_5_136.tif,tif,4,20000,20000,,,https://brainportal.humanbrain.in/code/2dviewer/annotation/public?data=4&region=-1&section=136&type=hd
139,data2d/specimen_5/Specimen_5_139.tif,tif,4,20000,20000,,,https://brainportal.humanbrain.in/code/2dviewer/annotation/public?data=4&region=-1&section=139&type=hd
148,data2d/specimen_5/Specimen_5_148.tif,tif,4,20000,20000,,,https://brainportal.humanbrain.in/code/2dviewer/annotation/public?data=4&region=-1&section=148&type=hd
151,data2d/specimen_5/Specimen_5_151.tif,tif,4,20000,20000,,,https://brainportal.humanbrain.in/code/2dviewer/annotation/public?data=4&region=-1&section=151&type=hd
154,data2d/specimen_5/Specimen_5_154.tif,tif,4,20000,20000,,,https://brainportal.humanbrain.in/code/2dviewer/annotation/public?data=4&region=-1&section=154&type=hd
157,data2d/specimen_5/Specimen_5_157.tif,tif,1,80000,80000,https://dharani-fetal-brain-atlas.s3.us-west-2.amazonaws.com/data2d/specimen_5/Specimen_5_157.json,geojson,https://brainportal.humanbrain.in/code/2dviewer/annotation/public?data=4&region=-1&section=157
160,data2d/specimen_5/Specimen_5_160.tif,tif,4,20000,20000,,,https://brainportal.humanbrain.in/code/2dviewer/annotation/public?data=4&region=-1&section=160&type=hd
163,data2d/specimen_5/Specimen_5_163.tif,tif,4,20000,20000,,,https://brainportal.humanbrain.in/code/2dviewer/annotation/public?data=4&region=-1&section=163&type=hd
169,data2d/specimen_5/Specimen_5_169.tif,tif,4,20000,20000,,,https://brainportal.humanbrain.in/code/2dviewer/annotation/public?data=4&region=-1&section=169&type=hd
172,data2d/specimen_5/Specimen_5_172.tif,tif,4,20000,20000,,,https://brainportal.humanbrain.in/code/2dviewer/annotation/public?data=4&region=-1&section=172&type=hd
175,data2d/specimen_5/Specimen_5_175.tif,tif,4,20000,20000,,,https://brainportal.humanbrain.in/code/2dviewer/annotation/public?data=4&region=-1&section=175&type=hd
178,data2d/specimen_5/Specimen_5_178.tif,tif,1,80000,80000,https://dharani-fetal-brain-atlas.s3.us-west-2.amazonaws.com/data2d/specimen_5/Specimen_5_178.json,geojson,https://brainportal.humanbrain.in/code/2dviewer/annotation/public?data=4&region=-1&section=178
181,data2d/specimen_5/Specimen_5_181.tif,tif,4,20000,20000,,,https://brainportal.humanbrain.in/code/2dviewer/annotation/public?data=4&region=-1&section=181&type=hd
184,data2d/specimen_5/Specimen_5_184.tif,tif,4,20000,20000,,,https://brainportal.humanbrain.in/code/2dviewer/annotation/public?data=4&region=-1&section=184&type=hd
187,data2d/specimen_5/Specimen_5_187.tif,tif,4,20000,20000,,,https://brainportal.humanbrain.in/code/2dviewer/annotation/public?data=4&region=-1&section=187&type=hd
190,data2d/specimen_5/Specimen_5_190.tif,tif,4,20000,20000,,,https://brainportal.humanbrain.in/code/2dviewer/annotation/public?data=4&region=-1&section=190&type=hd
193,data2d/specimen_5/Specimen_5_193.tif,tif,4,20000,20000,,,https://brainportal.humanbrain.in/code/2dviewer/annotation/public?data=4&region=-1&section=193&type=hd
196,data2d/specimen_5/Specimen_5_196.tif,tif,4,20000,20000,,,https://brainportal.humanbrain.in/code/2dviewer/annotation/public?data=4&region=-1&section=196&type=hd
202,data2d/specimen_5/Specimen_5_202.tif,tif,1,80000,80000,https://dharani-fetal-brain-atlas.s3.us-west-2.amazonaws.com/data2d/specimen_5/Specimen_5_202.json,geojson,https://brainportal.humanbrain.in/code/2dviewer/annotation/public?data=4&region=-1&section=202
205,data2d/specimen_5/Specimen_5_205.tif,tif,4,20000,20000,,,https://brainportal.humanbrain.in/code/2dviewer/annotation/public?data=4&region=-1&section=205&type=hd
208,data2d/specimen_5/Specimen_5_208.tif,tif,4,20000,20000,,,https://brainportal.humanbrain.in/code/2dviewer/annotation/public?data=4&region=-1&section=208&type=hd
220,data2d/specimen_5/Specimen_5_220.tif,tif,4,20000,20000,,,https://brainportal.humanbrain.in/code/2dviewer/annotation/public?data=4&region=-1&section=220&type=hd
223,data2d/specimen_5/Specimen_5_223.tif,tif,4,20000,20000,,,https://brainportal.humanbrain.in/code/2dviewer/annotation/public?data=4&region=-1&section=223&type=hd
229,data2d/specimen_5/Specimen_5_229.tif,tif,4,20000,20000,,,https://brainportal.humanbrain.in/code/2dviewer/annotation/public?data=4&region=-1&section=229&type=hd
232,data2d/specimen_5/Specimen_5_232.tif,tif,4,20000,20000,,,https://brainportal.humanbrain.in/code/2dviewer/annotation/public?data=4&region=-1&section=232&type=hd
238,data2d/specimen_5/Specimen_5_238.tif,tif,4,20000,20000,,,https://brainportal.humanbrain.in/code/2dviewer/annotation/public?data=4&region=-1&section=238&type=hd
241,data2d/specimen_5/Specimen_5_241.tif,tif,4,20000,20000,,,https://brainportal.humanbrain.in/code/2dviewer/annotation/public?data=4&region=-1&section=241&type=hd
244,data2d/specimen_5/Specimen_5_244.tif,tif,4,20000,20000,,,https://brainportal.humanbrain.in/code/2dviewer/annotation/public?data=4&region=-1&section=244&type=hd
250,data2d/specimen_5/Specimen_5_250.tif,tif,1,80000,80000,https://dharani-fetal-brain-atlas.s3.us-west-2.amazonaws.com/data2d/specimen_5/Specimen_5_250.json,geojson,https://brainportal.humanbrain.in/code/2dviewer/annotation/public?data=4&region=-1&section=250
253,data2d/specimen_5/Specimen_5_253.tif,tif,4,20000,20000,,,https://brainportal.humanbrain.in/code/2dviewer/annotation/public?data=4&region=-1&section=253&type=hd
265,data2d/specimen_5/Specimen_5_265.tif,tif,4,20000,20000,,,https://brainportal.humanbrain.in/code/2dviewer/annotation/public?data=4&region=-1&section=265&type=hd
271,data2d/specimen_5/Specimen_5_271.tif,tif,4,20000,20000,,,https://brainportal.humanbrain.in/code/2dviewer/annotation/public?data=4&region=-1&section=271&type=hd
274,data2d/specimen_5/Specimen_5_274.tif,tif,4,20000,20000,,,https://brainportal.humanbrain.in/code/2dviewer/annotation/public?data=4&region=-1&section=274&type=hd
277,data2d/specimen_5/Specimen_5_277.tif,tif,4,20000,20000,,,https://brainportal.humanbrain.in/code/2dviewer/annotation/public?data=4&region=-1&section=277&type=hd
280,data2d/specimen_5/Specimen_5_280.tif,tif,4,20000,20000,,,https://brainportal.humanbrain.in/code/2dviewer/annotation/public?data=4&region=-1&section=280&type=hd
286,data2d/specimen_5/Specimen_5_286.tif,tif,4,20000,20000,,,https://brainportal.humanbrain.in/code/2dviewer/annotation/public?data=4&region=-1&section=286&type=hd
289,data2d/specimen_5/Specimen_5_289.tif,tif,1,80000,80000,https://dharani-fetal-brain-atlas.s3.us-west-2.amazonaws.com/data2d/specimen_5/Specimen_5_289.json,geojson,https://brainportal.humanbrain.in/code/2dviewer/annotation/public?data=4&region=-1&section=289
292,data2d/specimen_5/Specimen_5_292.tif,tif,4,20000,20000,,,https://brainportal.humanbrain.in/code/2dviewer/annotation/public?data=4&region=-1&section=292&type=hd
298,data2d/specimen_5/Specimen_5_298.tif,tif,4,20000,20000,,,https://brainportal.humanbrain.in/code/2dviewer/annotation/public?data=4&region=-1&section=298&type=hd
301,data2d/specimen_5/Specimen_5_301.tif,tif,4,20000,20000,,,https://brainportal.humanbrain.in/code/2dviewer/annotation/public?data=4&region=-1&section=301&type=hd
304,data2d/specimen_5/Specimen_5_304.tif,tif,4,20000,20000,,,https://brainportal.humanbrain.in/code/2dviewer/annotation/public?data=4&region=-1&section=304&type=hd
307,data2d/specimen_5/Specimen_5_307.tif,tif,1,80000,80000,https://dharani-fetal-brain-atlas.s3.us-west-2.amazonaws.com/data2d/specimen_5/Specimen_5_307.json,geojson,https://brainportal.humanbrain.in/code/2dviewer/annotation/public?data=4&region=-1&section=307
310,data2d/specimen_5/Specimen_5_310.tif,tif,4,20000,20000,,,https://brainportal.humanbrain.in/code/2dviewer/annotation/public?data=4&region=-1&section=310&type=hd
316,data2d/specimen_5/Specimen_5_316.tif,tif,4,20000,20000,,,https://brainportal.humanbrain.in/code/2dviewer/annotation/public?data=4&region=-1&section=316&type=hd
319,data2d/specimen_5/Specimen_5_319.tif,tif,4,20000,20000,,,https://brainportal.humanbrain.in/code/2dviewer/annotation/public?data=4&region=-1&section=319&type=hd
322,data2d/specimen_5/Specimen_5_322.tif,tif,4,20000,20000,,,https://brainportal.humanbrain.in/code/2dviewer/annotation/public?data=4&region=-1&section=322&type=hd
325,data2d/specimen_5/Specimen_5_325.tif,tif,4,20000,20000,,,https://brainportal.humanbrain.in/code/2dviewer/annotation/public?data=4&region=-1&section=325&type=hd
331,data2d/specimen_5/Specimen_5_331.tif,tif,4,20000,20000,,,https://brainportal.humanbrain.in/code/2dviewer/annotation/public?data=4&region=-1&section=331&type=hd
334,data2d/specimen_5/Specimen_5_334.tif,tif,4,20000,20000,,,https://brainportal.humanbrain.in/code/2dviewer/annotation/public?data=4&region=-1&section=334&type=hd
352,data2d/specimen_5/Specimen_5_352.tif,tif,4,20000,20000,,,https://brainportal.humanbrain.in/code/2dviewer/annotation/public?data=4&region=-1&section=352&type=hd
355,data2d/specimen_5/Specimen_5_355.tif,tif,4,20000,20000,,,https://brainportal.humanbrain.in/code/2dviewer/annotation/public?data=4&region=-1&section=355&type=hd
358,data2d/specimen_5/Specimen_5_358.tif,tif,4,20000,20000,,,https://brainportal.humanbrain.in/code/2dviewer/annotation/public?data=4&region=-1&section=358&type=hd
361,data2d/specimen_5/Specimen_5_361.tif,tif,4,20000,20000,,,https://brainportal.humanbrain.in/code/2dviewer/annotation/public?data=4&region=-1&section=361&type=hd
364,data2d/specimen_5/Specimen_5_364.tif,tif,4,20000,20000,,,https://brainportal.humanbrain.in/code/2dviewer/annotation/public?data=4&region=-1&section=364&type=hd
367,data2d/specimen_5/Specimen_5_367.tif,tif,4,20000,20000,,,https://brainportal.humanbrain.in/code/2dviewer/annotation/public?data=4&region=-1&section=367&type=hd
370,data2d/specimen_5/Specimen_5_370.tif,tif,4,20000,20000,,,https://brainportal.humanbrain.in/code/2dviewer/annotation/public?data=4&region=-1&section=370&type=hd
373,data2d/specimen_5/Specimen_5_373.tif,tif,1,80000,80000,https://dharani-fetal-brain-atlas.s3.us-west-2.amazonaws.com/data2d/specimen_5/Specimen_5_373.json,geojson,https://brainportal.humanbrain.in/code/2dviewer/annotation/public?data=4&region=-1&section=373
376,data2d/specimen_5/Specimen_5_376.tif,tif,4,20000,20000,,,https://brainportal.humanbrain.in/code/2dviewer/annotation/public?data=4&region=-1&section=376&type=hd
379,data2d/specimen_5/Specimen_5_379.tif,tif,4,20000,20000,,,https://brainportal.humanbrain.in/code/2dviewer/annotation/public?data=4&region=-1&section=379&type=hd
382,data2d/specimen_5/Specimen_5_382.tif,tif,4,20000,20000,,,https://brainportal.humanbrain.in/code/2dviewer/annotation/public?data=4&region=-1&section=382&type=hd
388,data2d/specimen_5/Specimen_5_388.tif,tif,4,20000,20000,,,https://brainportal.humanbrain.in/code/2dviewer/annotation/public?data=4&region=-1&section=388&type=hd
391,data2d/specimen_5/Specimen_5_391.tif,tif,1,80000,80000,https://dharani-fetal-brain-atlas.s3.us-west-2.amazonaws.com/data2d/specimen_5/Specimen_5_391.json,geojson,https://brainportal.humanbrain.in/code/2dviewer/annotation/public?data=4&region=-1&section=391
394,data2d/specimen_5/Specimen_5_394.tif,tif,4,20000,20000,,,https://brainportal.humanbrain.in/code/2dviewer/annotation/public?data=4&region=-1&section=394&type=hd
400,data2d/specimen_5/Specimen_5_400.tif,tif,4,20000,20000,,,https://brainportal.humanbrain.in/code/2dviewer/annotation/public?data=4&region=-1&section=400&type=hd
403,data2d/specimen_5/Specimen_5_403.tif,tif,4,20000,20000,,,https://brainportal.humanbrain.in/code/2dviewer/annotation/public?data=4&region=-1&section=403&type=hd
406,data2d/specimen_5/Specimen_5_406.tif,tif,4,20000,20000,,,https://brainportal.humanbrain.in/code/2dviewer/annotation/public?data=4&region=-1&section=406&type=hd
409,data2d/specimen_5/Specimen_5_409.tif,tif,4,20000,20000,,,https://brainportal.humanbrain.in/code/2dviewer/annotation/public?data=4&region=-1&section=409&type=hd
412,data2d/specimen_5/Specimen_5_412.tif,tif,4,20000,20000,,,https://brainportal.humanbrain.in/code/2dviewer/annotation/public?data=4&region=-1&section=412&type=hd
418,data2d/specimen_5/Specimen_5_418.tif,tif,4,20000,20000,,,https://brainportal.humanbrain.in/code/2dviewer/annotation/public?data=4&region=-1&section=418&type=hd
421,data2d/specimen_5/Specimen_5_421.tif,tif,1,80000,80000,https://dharani-fetal-brain-atlas.s3.us-west-2.amazonaws.com/data2d/specimen_5/Specimen_5_421.json,geojson,https://brainportal.humanbrain.in/code/2dviewer/annotation/public?data=4&region=-1&section=421
427,data2d/specimen_5/Specimen_5_427.tif,tif,4,20000,20000,,,https://brainportal.humanbrain.in/code/2dviewer/annotation/public?data=4&region=-1&section=427&type=hd
430,data2d/specimen_5/Specimen_5_430.tif,tif,4,20000,20000,,,https://brainportal.humanbrain.in/code/2dviewer/annotation/public?data=4&region=-1&section=430&type=hd
436,data2d/specimen_5/Specimen_5_436.tif,tif,4,20000,20000,,,https://brainportal.humanbrain.in/code/2dviewer/annotation/public?data=4&region=-1&section=436&type=hd
445,data2d/specimen_5/Specimen_5_445.tif,tif,4,20000,20000,,,https://brainportal.humanbrain.in/code/2dviewer/annotation/public?data=4&region=-1&section=445&type=hd
448,data2d/specimen_5/Specimen_5_448.tif,tif,4,20000,20000,,,https://brainportal.humanbrain.in/code/2dviewer/annotation/public?data=4&region=-1&section=448&type=hd
451,data2d/specimen_5/Specimen_5_451.tif,tif,4,20000,20000,,,https://brainportal.humanbrain.in/code/2dviewer/annotation/public?data=4&region=-1&section=451&type=hd
454,data2d/specimen_5/Specimen_5_454.tif,tif,4,20000,20000,,,https://brainportal.humanbrain.in/code/2dviewer/annotation/public?data=4&region=-1&section=454&type=hd
460,data2d/specimen_5/Specimen_5_460.tif,tif,4,20000,20000,,,https://brainportal.humanbrain.in/code/2dviewer/annotation/public?data=4&region=-1&section=460&type=hd
463,data2d/specimen_5/Specimen_5_463.tif,tif,4,20000,20000,,,https://brainportal.humanbrain.in/code/2dviewer/annotation/public?data=4&region=-1&section=463&type=hd
466,data2d/specimen_5/Specimen_5_466.tif,tif,1,80000,80000,https://dharani-fetal-brain-atlas.s3.us-west-2.amazonaws.com/data2d/specimen_5/Specimen_5_466.json,geojson,https://brainportal.humanbrain.in/code/2dviewer/annotation/public?data=4&region=-1&section=466
469,data2d/specimen_5/Specimen_5_469.tif,tif,4,20000,20000,,,https://brainportal.humanbrain.in/code/2dviewer/annotation/public?data=4&region=-1&section=469&type=hd
472,data2d/specimen_5/Specimen_5_472.tif,tif,4,20000,20000,,,https://brainportal.humanbrain.in/code/2dviewer/annotation/public?data=4&region=-1&section=472&type=hd
478,data2d/specimen_5/Specimen_5_478.tif,tif,1,80000,80000,https://dharani-fetal-brain-atlas.s3.us-west-2.amazonaws.com/data2d/specimen_5/Specimen_5_478.json,geojson,https://brainportal.humanbrain.in/code/2dviewer/annotation/public?data=4&region=-1&section=478
481,data2d/specimen_5/Specimen_5_481.tif,tif,4,20000,20000,,,https://brainportal.humanbrain.in/code/2dviewer/annotation/public?data=4&region=-1&section=481&type=hd
487,data2d/specimen_5/Specimen_5_487.tif,tif,1,80000,80000,https://dharani-fetal-brain-atlas.s3.us-west-2.amazonaws.com/data2d/specimen_5/Specimen_5_487.json,geojson,https://brainportal.humanbrain.in/code/2dviewer/annotation/public?data=4&region=-1&section=487
490,data2d/specimen_5/Specimen_5_490.tif,tif,4,20000,20000,,,https://brainportal.humanbrain.in/code/2dviewer/annotation/public?data=4&region=-1&section=490&type=hd
493,data2d/specimen_5/Specimen_5_493.tif,tif,4,20000,20000,,,https://brainportal.humanbrain.in/code/2dviewer/annotation/public?data=4&region=-1&section=493&type=hd
502,data2d/specimen_5/Specimen_5_502.tif,tif,1,80000,80000,https://dharani-fetal-brain-atlas.s3.us-west-2.amazonaws.com/data2d/specimen_5/Specimen_5_502.json,geojson,https://brainportal.humanbrain.in/code/2dviewer/annotation/public?data=4&region=-1&section=502
505,data2d/specimen_5/Specimen_5_505.tif,tif,4,20000,20000,,,https://brainportal.humanbrain.in/code/2dviewer/annotation/public?data=4&region=-1&section=505&type=hd
511,data2d/specimen_5/Specimen_5_511.tif,tif,4,20000,20000,,,https://brainportal.humanbrain.in/code/2dviewer/annotation/public?data=4&region=-1&section=511&type=hd
514,data2d/specimen_5/Specimen_5_514.tif,tif,4,20000,20000,,,https://brainportal.humanbrain.in/code/2dviewer/annotation/public?data=4&region=-1&section=514&type=hd
520,data2d/specimen_5/Specimen_5_520.tif,tif,4,20000,20000,,,https://brainportal.humanbrain.in/code/2dviewer/annotation/public?data=4&region=-1&section=520&type=hd
523,data2d/specimen_5/Specimen_5_523.tif,tif,1,80000,80000,https://dharani-fetal-brain-atlas.s3.us-west-2.amazonaws.com/data2d/specimen_5/Specimen_5_523.json,geojson,https://brainportal.humanbrain.in/code/2dviewer/annotation/public?data=4&region=-1&section=523
526,data2d/specimen_5/Specimen_5_526.tif,tif,4,20000,20000,,,https://brainportal.humanbrain.in/code/2dviewer/annotation/public?data=4&region=-1&section=526&type=hd
532,data2d/specimen_5/Specimen_5_532.tif,tif,4,20000,20000,,,https://brainportal.humanbrain.in/code/2dviewer/annotation/public?data=4&region=-1&section=532&type=hd
538,data2d/specimen_5/Specimen_5_538.tif,tif,4,20000,20000,,,https://brainportal.humanbrain.in/code/2dviewer/annotation/public?data=4&region=-1&section=538&type=hd
541,data2d/specimen_5/Specimen_5_541.tif,tif,4,20000,20000,,,https://brainportal.humanbrain.in/code/2dviewer/annotation/public?data=4&region=-1&section=541&type=hd
550,data2d/specimen_5/Specimen_5_550.tif,tif,4,20000,20000,,,https://brainportal.humanbrain.in/code/2dviewer/annotation/public?data=4&region=-1&section=550&type=hd
553,data2d/specimen_5/Specimen_5_553.tif,tif,1,80000,80000,https://dharani-fetal-brain-atlas.s3.us-west-2.amazonaws.com/data2d/specimen_5/Specimen_5_553.json,geojson,https://brainportal.humanbrain.in/code/2dviewer/annotation/public?data=4&region=-1&section=553
556,data2d/specimen_5/Specimen_5_556.tif,tif,4,20000,20000,,,https://brainportal.humanbrain.in/code/2dviewer/annotation/public?data=4&region=-1&section=556&type=hd
562,data2d/specimen_5/Specimen_5_562.tif,tif,4,20000,20000,,,https://brainportal.humanbrain.in/code/2dviewer/annotation/public?data=4&region=-1&section=562&type=hd
565,data2d/specimen_5/Specimen_5_565.tif,tif,1,80000,80000,https://dharani-fetal-brain-atlas.s3.us-west-2.amazonaws.com/data2d/specimen_5/Specimen_5_565.json,geojson,https://brainportal.humanbrain.in/code/2dviewer/annotation/public?data=4&region=-1&section=565
568,data2d/specimen_5/Specimen_5_568.tif,tif,4,20000,20000,,,https://brainportal.humanbrain.in/code/2dviewer/annotation/public?data=4&region=-1&section=568&type=hd
571,data2d/specimen_5/Specimen_5_571.tif,tif,4,20000,20000,,,https://brainportal.humanbrain.in/code/2dviewer/annotation/public?data=4&region=-1&section=571&type=hd
580,data2d/specimen_5/Specimen_5_580.tif,tif,1,80000,80000,https://dharani-fetal-brain-atlas.s3.us-west-2.amazonaws.com/data2d/specimen_5/Specimen_5_580.json,geojson,https://brainportal.humanbrain.in/code/2dviewer/annotation/public?data=4&region=-1&section=580
583,data2d/specimen_5/Specimen_5_583.tif,tif,4,20000,20000,,,https://brainportal.humanbrain.in/code/2dviewer/annotation/public?data=4&region=-1&section=583&type=hd
586,data2d/specimen_5/Specimen_5_586.tif,tif,4,20000,20000,,,https://brainportal.humanbrain.in/code/2dviewer/annotation/public?data=4&region=-1&section=586&type=hd
589,data2d/specimen_5/Specimen_5_589.tif,tif,4,20000,20000,,,https://brainportal.humanbrain.in/code/2dviewer/annotation/public?data=4&region=-1&section=589&type=hd
592,data2d/specimen_5/Specimen_5_592.tif,tif,4,20000,20000,,,https://brainportal.humanbrain.in/code/2dviewer/annotation/public?data=4&region=-1&section=592&type=hd
595,data2d/specimen_5/Specimen_5_595.tif,tif,4,20000,20000,,,https://brainportal.humanbrain.in/code/2dviewer/annotation/public?data=4&region=-1&section=595&type=hd
598,data2d/specimen_5/Specimen_5_598.tif,tif,1,80000,80000,https://dharani-fetal-brain-atlas.s3.us-west-2.amazonaws.com/data2d/specimen_5/Specimen_5_598.json,geojson,https://brainportal.humanbrain.in/code/2dviewer/annotation/public?data=4&region=-1&section=598
604,data2d/specimen_5/Specimen_5_604.tif,tif,4,20000,20000,,,https://brainportal.humanbrain.in/code/2dviewer/annotation/public?data=4&region=-1&section=604&type=hd
607,data2d/specimen_5/Specimen_5_607.tif,tif,4,20000,20000,,,https://brainportal.humanbrain.in/code/2dviewer/annotation/public?data=4&region=-1&section=607&type=hd
610,data2d/specimen_5/Specimen_5_610.tif,tif,4,20000,20000,,,https://brainportal.humanbrain.in/code/2dviewer/annotation/public?data=4&region=-1&section=610&type=hd
613,data2d/specimen_5/Specimen_5_613.tif,tif,4,20000,20000,,,https://brainportal.humanbrain.in/code/2dviewer/annotation/public?data=4&region=-1&section=613&type=hd
616,data2d/specimen_5/Specimen_5_616.tif,tif,4,20000,20000,,,https://brainportal.humanbrain.in/code/2dviewer/annotation/public?data=4&region=-1&section=616&type=hd
619,data2d/specimen_5/Specimen_5_619.tif,tif,4,20000,20000,,,https://brainportal.humanbrain.in/code/2dviewer/annotation/public?data=4&region=-1&section=619&type=hd
622,data2d/specimen_5/Specimen_5_622.tif,tif,1,80000,80000,https://dharani-fetal-brain-atlas.s3.us-west-2.amazonaws.com/data2d/specimen_5/Specimen_5_622.json,geojson,https://brainportal.humanbrain.in/code/2dviewer/annotation/public?data=4&region=-1&section=622
625,data2d/specimen_5/Specimen_5_625.tif,tif,4,20000,20000,,,https://brainportal.humanbrain.in/code/2dviewer/annotation/public?data=4&region=-1&section=625&type=hd
631,data2d/specimen_5/Specimen_5_631.tif,tif,1,80000,80000,https://dharani-fetal-brain-atlas.s3.us-west-2.amazonaws.com/data2d/specimen_5/Specimen_5_631.json,geojson,https://brainportal.humanbrain.in/code/2dviewer/annotation/public?data=4&region=-1&section=631
637,data2d/specimen_5/Specimen_5_637.tif,tif,4,20000,20000,,,https://brainportal.humanbrain.in/code/2dviewer/annotation/public?data=4&region=-1&section=637&type=hd
643,data2d/specimen_5/Specimen_5_643.tif,tif,4,20000,20000,,,https://brainportal.humanbrain.in/code/2dviewer/annotation/public?data=4&region=-1&section=643&type=hd
646,data2d/specimen_5/Specimen_5_646.tif,tif,4,20000,20000,,,https://brainportal.humanbrain.in/code/2dviewer/annotation/public?data=4&region=-1&section=646&type=hd
649,data2d/specimen_5/Specimen_5_649.tif,tif,4,20000,20000,,,https://brainportal.humanbrain.in/code/2dviewer/annotation/public?data=4&region=-1&section=649&type=hd
652,data2d/specimen_5/Specimen_5_652.tif,tif,1,80000,80000,https://dharani-fetal-brain-atlas.s3.us-west-2.amazonaws.com/data2d/specimen_5/Specimen_5_652.json,geojson,https://brainportal.humanbrain.in/code/2dviewer/annotation/public?data=4&region=-1&section=652
655,data2d/specimen_5/Specimen_5_655.tif,tif,4,20000,20000,,,https://brainportal.humanbrain.in/code/2dviewer/annotation/public?data=4&region=-1&section=655&type=hd
658,data2d/specimen_5/Specimen_5_658.tif,tif,4,20000,20000,,,https://brainportal.humanbrain.in/code/2dviewer/annotation/public?data=4&region=-1&section=658&type=hd
661,data2d/specimen_5/Specimen_5_661.tif,tif,4,20000,20000,,,https://brainportal.humanbrain.in/code/2dviewer/annotation/public?data=4&region=-1&section=661&type=hd
664,data2d/specimen_5/Specimen_5_664.tif,tif,1,80000,80000,https://dharani-fetal-brain-atlas.s3.us-west-2.amazonaws.com/data2d/specimen_5/Specimen_5_664.json,geojson,https://brainportal.humanbrain.in/code/2dviewer/annotation/public?data=4&region=-1&section=664
667,data2d/specimen_5/Specimen_5_667.tif,tif,4,20000,20000,,,https://brainportal.humanbrain.in/code/2dviewer/annotation/public?data=4&region=-1&section=667&type=hd
670,data2d/specimen_5/Specimen_5_670.tif,tif,4,20000,20000,,,https://brainportal.humanbrain.in/code/2dviewer/annotation/public?data=4&region=-1&section=670&type=hd
679,data2d/specimen_5/Specimen_5_679.tif,tif,4,20000,20000,,,https://brainportal.humanbrain.in/code/2dviewer/annotation/public?data=4&region=-1&section=679&type=hd
682,data2d/specimen_5/Specimen_5_682.tif,tif,4,20000,20000,,,https://brainportal.humanbrain.in/code/2dviewer/annotation/public?data=4&region=-1&section=682&type=hd
685,data2d/specimen_5/Specimen_5_685.tif,tif,1,80000,80000,https://dharani-fetal-brain-atlas.s3.us-west-2.amazonaws.com/data2d/specimen_5/Specimen_5_685.json,geojson,https://brainportal.humanbrain.in/code/2dviewer/annotation/public?data=4&region=-1&section=685
688,data2d/specimen_5/Specimen_5_688.tif,tif,4,20000,20000,,,https://brainportal.humanbrain.in/code/2dviewer/annotation/public?data=4&region=-1&section=688&type=hd
691,data2d/specimen_5/Specimen_5_691.tif,tif,4,20000,20000,,,https://brainportal.humanbrain.in/code/2dviewer/annotation/public?data=4&region=-1&section=691&type=hd
694,data2d/specimen_5/Specimen_5_694.tif,tif,4,20000,20000,,,https://brainportal.humanbrain.in/code/2dviewer/annotation/public?data=4&region=-1&section=694&type=hd
697,data2d/specimen_5/Specimen_5_697.tif,tif,1,80000,80000,https://dharani-fetal-brain-atlas.s3.us-west-2.amazonaws.com/data2d/specimen_5/Specimen_5_697.json,geojson,https://brainportal.humanbrain.in/code/2dviewer/annotation/public?data=4&region=-1&section=697
703,data2d/specimen_5/Specimen_5_703.tif,tif,4,20000,20000,,,https://brainportal.humanbrain.in/code/2dviewer/annotation/public?data=4&region=-1&section=703&type=hd
706,data2d/specimen_5/Specimen_5_706.tif,tif,4,20000,20000,,,https://brainportal.humanbrain.in/code/2dviewer/annotation/public?data=4&region=-1&section=706&type=hd
709,data2d/specimen_5/Specimen_5_709.tif,tif,4,20000,20000,,,https://brainportal.humanbrain.in/code/2dviewer/annotation/public?data=4&region=-1&section=709&type=hd
712,data2d/specimen_5/Specimen_5_712.tif,tif,1,80000,80000,https://dharani-fetal-brain-atlas.s3.us-west-2.amazonaws.com/data2d/specimen_5/Specimen_5_712.json,geojson,https://brainportal.humanbrain.in/code/2dviewer/annotation/public?data=4&region=-1&section=712
715,data2d/specimen_5/Specimen_5_715.tif,tif,4,20000,20000,,,https://brainportal.humanbrain.in/code/2dviewer/annotation/public?data=4&region=-1&section=715&type=hd
718,data2d/specimen_5/Specimen_5_718.tif,tif,4,20000,20000,,,https://brainportal.humanbrain.in/code/2dviewer/annotation/public?data=4&region=-1&section=718&type=hd
721,data2d/specimen_5/Specimen_5_721.tif,tif,4,20000,20000,,,https://brainportal.humanbrain.in/code/2dviewer/annotation/public?data=4&region=-1&section=721&type=hd
724,data2d/specimen_5/Specimen_5_724.tif,tif,4,20000,20000,,,https://brainportal.humanbrain.in/code/2dviewer/annotation/public?data=4&region=-1&section=724&type=hd
727,data2d/specimen_5/Specimen_5_727.tif,tif,4,20000,20000,,,https://brainportal.humanbrain.in/code/2dviewer/annotation/public?data=4&region=-1&section=727&type=hd
730,data2d/specimen_5/Specimen_5_730.tif,tif,4,20000,20000,,,https://brainportal.humanbrain.in/code/2dviewer/annotation/public?data=4&region=-1&section=730&type=hd
736,data2d/specimen_5/Specimen_5_736.tif,tif,4,20000,20000,,,https://brainportal.humanbrain.in/code/2dviewer/annotation/public?data=4&region=-1&section=736&type=hd
739,data2d/specimen_5/Specimen_5_739.tif,tif,1,80000,80000,https://dharani-fetal-brain-atlas.s3.us-west-2.amazonaws.com/data2d/specimen_5/Specimen_5_739.json,geojson,https://brainportal.humanbrain.in/code/2dviewer/annotation/public?data=4&region=-1&section=739
742,data2d/specimen_5/Specimen_5_742.tif,tif,4,20000,20000,,,https://brainportal.humanbrain.in/code/2dviewer/annotation/public?data=4&region=-1&section=742&type=hd
745,data2d/specimen_5/Specimen_5_745.tif,tif,4,20000,20000,,,https://brainportal.humanbrain.in/code/2dviewer/annotation/public?data=4&region=-1&section=745&type=hd
751,data2d/specimen_5/Specimen_5_751.tif,tif,1,80000,80000,https://dharani-fetal-brain-atlas.s3.us-west-2.amazonaws.com/data2d/specimen_5/Specimen_5_751.json,geojson,https://brainportal.humanbrain.in/code/2dviewer/annotation/public?data=4&region=-1&section=751
754,data2d/specimen_5/Specimen_5_754.tif,tif,4,20000,20000,,,https://brainportal.humanbrain.in/code/2dviewer/annotation/public?data=4&region=-1&section=754&type=hd
757,data2d/specimen_5/Specimen_5_757.tif,tif,4,20000,20000,,,https://brainportal.humanbrain.in/code/2dviewer/annotation/public?data=4&region=-1&section=757&type=hd
760,data2d/specimen_5/Specimen_5_760.tif,tif,4,20000,20000,,,https://brainportal.humanbrain.in/code/2dviewer/annotation/public?data=4&region=-1&section=760&type=hd
763,data2d/specimen_5/Specimen_5_763.tif,tif,4,20000,20000,,,https://brainportal.humanbrain.in/code/2dviewer/annotation/public?data=4&region=-1&section=763&type=hd
766,data2d/specimen_5/Specimen_5_766.tif,tif,1,80000,80000,https://dharani-fetal-brain-atlas.s3.us-west-2.amazonaws.com/data2d/specimen_5/Specimen_5_766.json,geojson,https://brainportal.humanbrain.in/code/2dviewer/annotation/public?data=4&region=-1&section=766
769,data2d/specimen_5/Specimen_5_769.tif,tif,4,20000,20000,,,https://brainportal.humanbrain.in/code/2dviewer/annotation/public?data=4&region=-1&section=769&type=hd
772,data2d/specimen_5/Specimen_5_772.tif,tif,4,20000,20000,,,https://brainportal.humanbrain.in/code/2dviewer/annotation/public?data=4&region=-1&section=772&type=hd
775,data2d/specimen_5/Specimen_5_775.tif,tif,4,20000,20000,,,https://brainportal.humanbrain.in/code/2dviewer/annotation/public?data=4&region=-1&section=775&type=hd
778,data2d/specimen_5/Specimen_5_778.tif,tif,4,20000,20000,,,https://brainportal.humanbrain.in/code/2dviewer/annotation/public?data=4&region=-1&section=778&type=hd
781,data2d/specimen_5/Specimen_5_781.tif,tif,1,80000,80000,https://dharani-fetal-brain-atlas.s3.us-west-2.amazonaws.com/data2d/specimen_5/Specimen_5_781.json,geojson,https://brainportal.humanbrain.in/code/2dviewer/annotation/public?data=4&region=-1&section=781
784,data2d/specimen_5/Specimen_5_784.tif,tif,4,20000,20000,,,https://brainportal.humanbrain.in/code/2dviewer/annotation/public?data=4&region=-1&section=784&type=hd
787,data2d/specimen_5/Specimen_5_787.tif,tif,4,20000,20000,,,https://brainportal.humanbrain.in/code/2dviewer/annotation/public?data=4&region=-1&section=787&type=hd
790,data2d/specimen_5/Specimen_5_790.tif,tif,4,20000,20000,,,https://brainportal.humanbrain.in/code/2dviewer/annotation/public?data=4&region=-1&section=790&type=hd
793,data2d/specimen_5/Specimen_5_793.tif,tif,4,20000,20000,,,https://brainportal.humanbrain.in/code/2dviewer/annotation/public?data=4&region=-1&section=793&type=hd
796,data2d/specimen_5/Specimen_5_796.tif,tif,4,20000,20000,,,https://brainportal.humanbrain.in/code/2dviewer/annotation/public?data=4&region=-1&section=796&type=hd
799,data2d/specimen_5/Specimen_5_799.tif,tif,4,20000,20000,,,https://brainportal.humanbrain.in/code/2dviewer/annotation/public?data=4&region=-1&section=799&type=hd
802,data2d/specimen_5/Specimen_5_802.tif,tif,4,20000,20000,,,https://brainportal.humanbrain.in/code/2dviewer/annotation/public?data=4&region=-1&section=802&type=hd
805,data2d/specimen_5/Specimen_5_805.tif,tif,1,80000,80000,https://dharani-fetal-brain-atlas.s3.us-west-2.amazonaws.com/data2d/specimen_5/Specimen_5_805.json,geojson,https://brainportal.humanbrain.in/code/2dviewer/annotation/public?data=4&region=-1&section=805
814,data2d/specimen_5/Specimen_5_814.tif,tif,4,20000,20000,,,https://brainportal.humanbrain.in/code/2dviewer/annotation/public?data=4&region=-1&section=814&type=hd
820,data2d/specimen_5/Specimen_5_820.tif,tif,4,20000,20000,,,https://brainportal.humanbrain.in/code/2dviewer/annotation/public?data=4&region=-1&section=820&type=hd
823,data2d/specimen_5/Specimen_5_823.tif,tif,1,80000,80000,https://dharani-fetal-brain-atlas.s3.us-west-2.amazonaws.com/data2d/specimen_5/Specimen_5_823.json,geojson,https://brainportal.humanbrain.in/code/2dviewer/annotation/public?data=4&region=-1&section=823
826,data2d/specimen_5/Specimen_5_826.tif,tif,4,20000,20000,,,https://brainportal.humanbrain.in/code/2dviewer/annotation/public?data=4&region=-1&section=826&type=hd
829,data2d/specimen_5/Specimen_5_829.tif,tif,4,20000,20000,,,https://brainportal.humanbrain.in/code/2dviewer/annotation/public?data=4&region=-1&section=829&type=hd
832,data2d/specimen_5/Specimen_5_832.tif,tif,4,20000,20000,,,https://brainportal.humanbrain.in/code/2dviewer/annotation/public?data=4&region=-1&section=832&type=hd
835,data2d/specimen_5/Specimen_5_835.tif,tif,4,20000,20000,,,https://brainportal.humanbrain.in/code/2dviewer/annotation/public?data=4&region=-1&section=835&type=hd
841,data2d/specimen_5/Specimen_5_841.tif,tif,4,20000,20000,,,https://brainportal.humanbrain.in/code/2dviewer/annotation/public?data=4&region=-1&section=841&type=hd
847,data2d/specimen_5/Specimen_5_847.tif,tif,1,80000,80000,https://dharani-fetal-brain-atlas.s3.us-west-2.amazonaws.com/data2d/specimen_5/Specimen_5_847.json,geojson,https://brainportal.humanbrain.in/code/2dviewer/annotation/public?data=4&region=-1&section=847
850,data2d/specimen_5/Specimen_5_850.tif,tif,4,20000,20000,,,https://brainportal.humanbrain.in/code/2dviewer/annotation/public?data=4&region=-1&section=850&type=hd
853,data2d/specimen_5/Specimen_5_853.tif,tif,4,20000,20000,,,https://brainportal.humanbrain.in/code/2dviewer/annotation/public?data=4&region=-1&section=853&type=hd
859,data2d/specimen_5/Specimen_5_859.tif,tif,1,80000,80000,https://dharani-fetal-brain-atlas.s3.us-west-2.amazonaws.com/data2d/specimen_5/Specimen_5_859.json,geojson,https://brainportal.humanbrain.in/code/2dviewer/annotation/public?data=4&region=-1&section=859
862,data2d/specimen_5/Specimen_5_862.tif,tif,4,20000,20000,,,https://brainportal.humanbrain.in/code/2dviewer/annotation/public?data=4&region=-1&section=862&type=hd
868,data2d/specimen_5/Specimen_5_868.tif,tif,4,20000,20000,,,https://brainportal.humanbrain.in/code/2dviewer/annotation/public?data=4&region=-1&section=868&type=hd
871,data2d/specimen_5/Specimen_5_871.tif,tif,4,20000,20000,,,https://brainportal.humanbrain.in/code/2dviewer/annotation/public?data=4&region=-1&section=871&type=hd
874,data2d/specimen_5/Specimen_5_874.tif,tif,1,80000,80000,https://dharani-fetal-brain-atlas.s3.us-west-2.amazonaws.com/data2d/specimen_5/Specimen_5_874.json,geojson,https://brainportal.humanbrain.in/code/2dviewer/annotation/public?data=4&region=-1&section=874
877,data2d/specimen_5/Specimen_5_877.tif,tif,1,80000,80000,https://dharani-fetal-brain-atlas.s3.us-west-2.amazonaws.com/data2d/specimen_5/Specimen_5_877.json,geojson,https://brainportal.humanbrain.in/code/2dviewer/annotation/public?data=4&region=-1&section=877
880,data2d/specimen_5/Specimen_5_880.tif,tif,4,20000,20000,,,https://brainportal.humanbrain.in/code/2dviewer/annotation/public?data=4&region=-1&section=880&type=hd
883,data2d/specimen_5/Specimen_5_883.tif,tif,4,20000,20000,,,https://brainportal.humanbrain.in/code/2dviewer/annotation/public?data=4&region=-1&section=883&type=hd
892,data2d/specimen_5/Specimen_5_892.tif,tif,4,20000,20000,,,https://brainportal.humanbrain.in/code/2dviewer/annotation/public?data=4&region=-1&section=892&type=hd
895,data2d/specimen_5/Specimen_5_895.tif,tif,4,20000,20000,,,https://brainportal.humanbrain.in/code/2dviewer/annotation/public?data=4&region=-1&section=895&type=hd
901,data2d/specimen_5/Specimen_5_901.tif,tif,4,20000,20000,,,https://brainportal.humanbrain.in/code/2dviewer/annotation/public?data=4&region=-1&section=901&type=hd
904,data2d/specimen_5/Specimen_5_904.tif,tif,4,20000,20000,,,https://brainportal.humanbrain.in/code/2dviewer/annotation/public?data=4&region=-1&section=904&type=hd
907,data2d/specimen_5/Specimen_5_907.tif,tif,4,20000,20000,,,https://brainportal.humanbrain.in/code/2dviewer/annotation/public?data=4&region=-1&section=907&type=hd
910,data2d/specimen_5/Specimen_5_910.tif,tif,1,80000,80000,https://dharani-fetal-brain-atlas.s3.us-west-2.amazonaws.com/data2d/specimen_5/Specimen_5_910.json,geojson,https://brainportal.humanbrain.in/code/2dviewer/annotation/public?data=4&region=-1&section=910
913,data2d/specimen_5/Specimen_5_913.tif,tif,4,20000,20000,,,https://brainportal.humanbrain.in/code/2dviewer/annotation/public?data=4&region=-1&section=913&type=hd
916,data2d/specimen_5/Specimen_5_916.tif,tif,4,20000,20000,,,https://brainportal.humanbrain.in/code/2dviewer/annotation/public?data=4&region=-1&section=916&type=hd
919,data2d/specimen_5/Specimen_5_919.tif,tif,4,20000,20000,,,https://brainportal.humanbrain.in/code/2dviewer/annotation/public?data=4&region=-1&section=919&type=hd
922,data2d/specimen_5/Specimen_5_922.tif,tif,4,20000,20000,,,https://brainportal.humanbrain.in/code/2dviewer/annotation/public?data=4&region=-1&section=922&type=hd
934,data2d/specimen_5/Specimen_5_934.tif,tif,1,80000,80000,https://dharani-fetal-brain-atlas.s3.us-west-2.amazonaws.com/data2d/specimen_5/Specimen_5_934.json,geojson,https://brainportal.humanbrain.in/code/2dviewer/annotation/public?data=4&region=-1&section=934
937,data2d/specimen_5/Specimen_5_937.tif,tif,4,20000,20000,,,https://brainportal.humanbrain.in/code/2dviewer/annotation/public?data=4&region=-1&section=937&type=hd
943,data2d/specimen_5/Specimen_5_943.tif,tif,4,20000,20000,,,https://brainportal.humanbrain.in/code/2dviewer/annotation/public?data=4&region=-1&section=943&type=hd
949,data2d/specimen_5/Specimen_5_949.tif,tif,4,20000,20000,,,https://brainportal.humanbrain.in/code/2dviewer/annotation/public?data=4&region=-1&section=949&type=hd
952,data2d/specimen_5/Specimen_5_952.tif,tif,4,20000,20000,,,https://brainportal.humanbrain.in/code/2dviewer/annotation/public?data=4&region=-1&section=952&type=hd
955,data2d/specimen_5/Specimen_5_955.tif,tif,4,20000,20000,,,https://brainportal.humanbrain.in/code/2dviewer/annotation/public?data=4&region=-1&section=955&type=hd
958,data2d/specimen_5/Specimen_5_958.tif,tif,1,80000,80000,https://dharani-fetal-brain-atlas.s3.us-west-2.amazonaws.com/data2d/specimen_5/Specimen_5_958.json,geojson,https://brainportal.humanbrain.in/code/2dviewer/annotation/public?data=4&region=-1&section=958
961,data2d/specimen_5/Specimen_5_961.tif,tif,4,20000,20000,,,https://brainportal.humanbrain.in/code/2dviewer/annotation/public?data=4&region=-1&section=961&type=hd
964,data2d/specimen_5/Specimen_5_964.tif,tif,4,20000,20000,,,https://brainportal.humanbrain.in/code/2dviewer/annotation/public?data=4&region=-1&section=964&type=hd
967,data2d/specimen_5/Specimen_5_967.tif,tif,4,20000,20000,,,https://brainportal.humanbrain.in/code/2dviewer/annotation/public?data=4&region=-1&section=967&type=hd
970,data2d/specimen_5/Specimen_5_970.tif,tif,1,80000,80000,https://dharani-fetal-brain-atlas.s3.us-west-2.amazonaws.com/data2d/specimen_5/Specimen_5_970.json,geojson,https://brainportal.humanbrain.in/code/2dviewer/annotation/public?data=4&region=-1&section=970
973,data2d/specimen_5/Specimen_5_973.tif,tif,4,20000,20000,,,https://brainportal.humanbrain.in/code/2dviewer/annotation/public?data=4&region=-1&section=973&type=hd
982,data2d/specimen_5/Specimen_5_982.tif,tif,4,20000,20000,,,https://brainportal.humanbrain.in/code/2dviewer/annotation/public?data=4&region=-1&section=982&type=hd
985,data2d/specimen_5/Specimen_5_985.tif,tif,1,80000,80000,https://dharani-fetal-brain-atlas.s3.us-west-2.amazonaws.com/data2d/specimen_5/Specimen_5_985.json,geojson,https://brainportal.humanbrain.in/code/2dviewer/annotation/public?data=4&region=-1&section=985
988,data2d/specimen_5/Specimen_5_988.tif,tif,4,20000,20000,,,https://brainportal.humanbrain.in/code/2dviewer/annotation/public?data=4&region=-1&section=988&type=hd
994,data2d/specimen_5/Specimen_5_994.tif,tif,4,20000,20000,,,https://brainportal.humanbrain.in/code/2dviewer/annotation/public?data=4&region=-1&section=994&type=hd
997,data2d/specimen_5/Specimen_5_997.tif,tif,4,20000,20000,,,https://brainportal.humanbrain.in/code/2dviewer/annotation/public?data=4&region=-1&section=997&type=hd
1003,data2d/specimen_5/Specimen_5_1003.tif,tif,4,20000,20000,,,https://brainportal.humanbrain.in/code/2dviewer/annotation/public?data=4&region=-1&section=1003&type=hd
1006,data2d/specimen_5/Specimen_5_1006.tif,tif,1,80000,80000,https://dharani-fetal-brain-atlas.s3.us-west-2.amazonaws.com/data2d/specimen_5/Specimen_5_1006.json,geojson,https://brainportal.humanbrain.in/code/2dviewer/annotation/public?data=4&region=-1&section=1006
1009,data2d/specimen_5/Specimen_5_1009.tif,tif,4,20000,20000,,,https://brainportal.humanbrain.in/code/2dviewer/annotation/public?data=4&region=-1&section=1009&type=hd
1012,data2d/specimen_5/Specimen_5_1012.tif,tif,4,20000,20000,,,https://brainportal.humanbrain.in/code/2dviewer/annotation/public?data=4&region=-1&section=1012&type=hd
1018,data2d/specimen_5/Specimen_5_1018.tif,tif,4,20000,20000,,,https://brainportal.humanbrain.in/code/2dviewer/annotation/public?data=4&region=-1&section=1018&type=hd
1021,data2d/specimen_5/Specimen_5_1021.tif,tif,4,20000,20000,,,https://brainportal.humanbrain.in/code/2dviewer/annotation/public?data=4&region=-1&section=1021&type=hd
1024,data2d/specimen_5/Specimen_5_1024.tif,tif,4,20000,20000,,,https://brainportal.humanbrain.in/code/2dviewer/annotation/public?data=4&region=-1&section=1024&type=hd
1027,data2d/specimen_5/Specimen_5_1027.tif,tif,4,20000,20000,,,https://brainportal.humanbrain.in/code/2dviewer/annotation/public?data=4&region=-1&section=1027&type=hd
1030,data2d/specimen_5/Specimen_5_1030.tif,tif,1,80000,80000,https://dharani-fetal-brain-atlas.s3.us-west-2.amazonaws.com/data2d/specimen_5/Specimen_5_1030.json,geojson,https://brainportal.humanbrain.in/code/2dviewer/annotation/public?data=4&region=-1&section=1030
1033,data2d/specimen_5/Specimen_5_1033.tif,tif,4,20000,20000,,,https://brainportal.humanbrain.in/code/2dviewer/annotation/public?data=4&region=-1&section=1033&type=hd
1036,data2d/specimen_5/Specimen_5_1036.tif,tif,4,20000,20000,,,https://brainportal.humanbrain.in/code/2dviewer/annotation/public?data=4&region=-1&section=1036&type=hd
1039,data2d/specimen_5/Specimen_5_1039.tif,tif,4,20000,20000,,,https://brainportal.humanbrain.in/code/2dviewer/annotation/public?data=4&region=-1&section=1039&type=hd
1042,data2d/specimen_5/Specimen_5_1042.tif,tif,4,20000,20000,,,https://brainportal.humanbrain.in/code/2dviewer/annotation/public?data=4&region=-1&section=1042&type=hd
1045,data2d/specimen_5/Specimen_5_1045.tif,tif,4,20000,20000,,,https://brainportal.humanbrain.in/code/2dviewer/annotation/public?data=4&region=-1&section=1045&type=hd
1048,data2d/specimen_5/Specimen_5_1048.tif,tif,1,80000,80000,https://dharani-fetal-brain-atlas.s3.us-west-2.amazonaws.com/data2d/specimen_5/Specimen_5_1048.json,geojson,https://brainportal.humanbrain.in/code/2dviewer/annotation/public?data=4&region=-1&section=1048
1051,data2d/specimen_5/Specimen_5_1051.tif,tif,4,20000,20000,,,https://brainportal.humanbrain.in/code/2dviewer/annotation/public?data=4&region=-1&section=1051&type=hd
1054,data2d/specimen_5/Specimen_5_1054.tif,tif,4,20000,20000,,,https://brainportal.humanbrain.in/code/2dviewer/annotation/public?data=4&region=-1&section=1054&type=hd
1066,data2d/specimen_5/Specimen_5_1066.tif,tif,1,80000,80000,https://dharani-fetal-brain-atlas.s3.us-west-2.amazonaws.com/data2d/specimen_5/Specimen_5_1066.json,geojson,https://brainportal.humanbrain.in/code/2dviewer/annotation/public?data=4&region=-1&section=1066
1069,data2d/specimen_5/Specimen_5_1069.tif,tif,4,20000,20000,,,https://brainportal.humanbrain.in/code/2dviewer/annotation/public?data=4&region=-1&section=1069&type=hd
1072,data2d/specimen_5/Specimen_5_1072.tif,tif,4,20000,20000,,,https://brainportal.humanbrain.in/code/2dviewer/annotation/public?data=4&region=-1&section=1072&type=hd
1075,data2d/specimen_5/Specimen_5_1075.tif,tif,4,20000,20000,,,https://brainportal.humanbrain.in/code/2dviewer/annotation/public?data=4&region=-1&section=1075&type=hd
1078,data2d/specimen_5/Specimen_5_1078.tif,tif,1,80000,80000,https://dharani-fetal-brain-atlas.s3.us-west-2.amazonaws.com/data2d/specimen_5/Specimen_5_1078.json,geojson,https://brainportal.humanbrain.in/code/2dviewer/annotation/public?data=4&region=-1&section=1078
1081,data2d/specimen_5/Specimen_5_1081.tif,tif,4,20000,20000,,,https://brainportal.humanbrain.in/code/2dviewer/annotation/public?data=4&region=-1&section=1081&type=hd
1084,data2d/specimen_5/Specimen_5_1084.tif,tif,1,80000,80000,https://dharani-fetal-brain-atlas.s3.us-west-2.amazonaws.com/data2d/specimen_5/Specimen_5_1084.json,geojson,https://brainportal.humanbrain.in/code/2dviewer/annotation/public?data=4&region=-1&section=1084
1087,data2d/specimen_5/Specimen_5_1087.tif,tif,4,20000,20000,,,https://brainportal.humanbrain.in/code/2dviewer/annotation/public?data=4&region=-1&section=1087&type=hd
1090,data2d/specimen_5/Specimen_5_1090.tif,tif,1,80000,80000,https://dharani-fetal-brain-atlas.s3.us-west-2.amazonaws.com/data2d/specimen_5/Specimen_5_1090.json,geojson,https://brainportal.humanbrain.in/code/2dviewer/annotation/public?data=4&region=-1&section=1090
1096,data2d/specimen_5/Specimen_5_1096.tif,tif,4,20000,20000,,,https://brainportal.humanbrain.in/code/2dviewer/annotation/public?data=4&region=-1&section=1096&type=hd
1099,data2d/specimen_5/Specimen_5_1099.tif,tif,4,20000,20000,,,https://brainportal.humanbrain.in/code/2dviewer/annotation/public?data=4&region=-1&section=1099&type=hd
1102,data2d/specimen_5/Specimen_5_1102.tif,tif,1,80000,80000,https://dharani-fetal-brain-atlas.s3.us-west-2.amazonaws.com/data2d/specimen_5/Specimen_5_1102.json,geojson,https://brainportal.humanbrain.in/code/2dviewer/annotation/public?data=4&region=-1&section=1102
1105,data2d/specimen_5/Specimen_5_1105.tif,tif,4,20000,20000,,,https://brainportal.humanbrain.in/code/2dviewer/annotation/public?data=4&region=-1&section=1105&type=hd
1108,data2d/specimen_5/Specimen_5_1108.tif,tif,4,20000,20000,,,https://brainportal.humanbrain.in/code/2dviewer/annotation/public?data=4&region=-1&section=1108&type=hd
1111,data2d/specimen_5/Specimen_5_1111.tif,tif,4,20000,20000,,,https://brainportal.humanbrain.in/code/2dviewer/annotation/public?data=4&region=-1&section=1111&type=hd
1117,data2d/specimen_5/Specimen_5_1117.tif,tif,1,80000,80000,https://dharani-fetal-brain-atlas.s3.us-west-2.amazonaws.com/data2d/specimen_5/Specimen_5_1117.json,geojson,https://brainportal.humanbrain.in/code/2dviewer/annotation/public?data=4&region=-1&section=1117
1120,data2d/specimen_5/Specimen_5_1120.tif,tif,4,20000,20000,,,https://brainportal.humanbrain.in/code/2dviewer/annotation/public?data=4&region=-1&section=1120&type=hd
1129,data2d/specimen_5/Specimen_5_1129.tif,tif,1,80000,80000,https://dharani-fetal-brain-atlas.s3.us-west-2.amazonaws.com/data2d/specimen_5/Specimen_5_1129.json,geojson,https://brainportal.humanbrain.in/code/2dviewer/annotation/public?data=4&region=-1&section=1129
1135,data2d/specimen_5/Specimen_5_1135.tif,tif,4,20000,20000,,,https://brainportal.humanbrain.in/code/2dviewer/annotation/public?data=4&region=-1&section=1135&type=hd
1138,data2d/specimen_5/Specimen_5_1138.tif,tif,1,80000,80000,https://dharani-fetal-brain-atlas.s3.us-west-2.amazonaws.com/data2d/specimen_5/Specimen_5_1138.json,geojson,https://brainportal.humanbrain.in/code/2dviewer/annotation/public?data=4&region=-1&section=1138
1147,data2d/specimen_5/Specimen_5_1147.tif,tif,1,80000,80000,https://dharani-fetal-brain-atlas.s3.us-west-2.amazonaws.com/data2d/specimen_5/Specimen_5_1147.json,geojson,https://brainportal.humanbrain.in/code/2dviewer/annotation/public?data=4&region=-1&section=1147
1153,data2d/specimen_5/Specimen_5_1153.tif,tif,4,20000,20000,,,https://brainportal.humanbrain.in/code/2dviewer/annotation/public?data=4&region=-1&section=1153&type=hd
1165,data2d/specimen_5/Specimen_5_1165.tif,tif,4,20000,20000,,,https://brainportal.humanbrain.in/code/2dviewer/annotation/public?data=4&region=-1&section=1165&type=hd
1168,data2d/specimen_5/Specimen_5_1168.tif,tif,1,80000,80000,https://dharani-fetal-brain-atlas.s3.us-west-2.amazonaws.com/data2d/specimen_5/Specimen_5_1168.json,geojson,https://brainportal.humanbrain.in/code/2dviewer/annotation/public?data=4&region=-1&section=1168
1174,data2d/specimen_5/Specimen_5_1174.tif,tif,4,20000,20000,,,https://brainportal.humanbrain.in/code/2dviewer/annotation/public?data=4&region=-1&section=1174&type=hd
1177,data2d/specimen_5/Specimen_5_1177.tif,tif,4,20000,20000,,,https://brainportal.humanbrain.in/code/2dviewer/annotation/public?data=4&region=-1&section=1177&type=hd
1180,data2d/specimen_5/Specimen_5_1180.tif,tif,1,80000,80000,https://dharani-fetal-brain-atlas.s3.us-west-2.amazonaws.com/data2d/specimen_5/Specimen_5_1180.json,geojson,https://brainportal.humanbrain.in/code/2dviewer/annotation/public?data=4&region=-1&section=1180
1186,data2d/specimen_5/Specimen_5_1186.tif,tif,4,20000,20000,,,https://brainportal.humanbrain.in/code/2dviewer/annotation/public?data=4&region=-1&section=1186&type=hd
1189,data2d/specimen_5/Specimen_5_1189.tif,tif,4,20000,20000,,,https://brainportal.humanbrain.in/code/2dviewer/annotation/public?data=4&region=-1&section=1189&type=hd
1192,data2d/specimen_5/Specimen_5_1192.tif,tif,4,20000,20000,,,https://brainportal.humanbrain.in/code/2dviewer/annotation/public?data=4&region=-1&section=1192&type=hd
1204,data2d/specimen_5/Specimen_5_1204.tif,tif,1,80000,80000,https://dharani-fetal-brain-atlas.s3.us-west-2.amazonaws.com/data2d/specimen_5/Specimen_5_1204.json,geojson,https://brainportal.humanbrain.in/code/2dviewer/annotation/public?data=4&region=-1&section=1204
1213,data2d/specimen_5/Specimen_5_1213.tif,tif,4,20000,20000,,,https://brainportal.humanbrain.in/code/2dviewer/annotation/public?data=4&region=-1&section=1213&type=hd
1216,data2d/specimen_5/Specimen_5_1216.tif,tif,1,80000,80000,https://dharani-fetal-brain-atlas.s3.us-west-2.amazonaws.com/data2d/specimen_5/Specimen_5_1216.json,geojson,https://brainportal.humanbrain.in/code/2dviewer/annotation/public?data=4&region=-1&section=1216
1219,data2d/specimen_5/Specimen_5_1219.tif,tif,4,20000,20000,,,https://brainportal.humanbrain.in/code/2dviewer/annotation/public?data=4&region=-1&section=1219&type=hd
1228,data2d/specimen_5/Specimen_5_1228.tif,tif,1,80000,80000,https://dharani-fetal-brain-atlas.s3.us-west-2.amazonaws.com/data2d/specimen_5/Specimen_5_1228.json,geojson,https://brainportal.humanbrain.in/code/2dviewer/annotation/public?data=4&region=-1&section=1228
1234,data2d/specimen_5/Specimen_5_1234.tif,tif,4,20000,20000,,,https://brainportal.humanbrain.in/code/2dviewer/annotation/public?data=4&region=-1&section=1234&type=hd
1240,data2d/specimen_5/Specimen_5_1240.tif,tif,1,80000,80000,https://dharani-fetal-brain-atlas.s3.us-west-2.amazonaws.com/data2d/specimen_5/Specimen_5_1240.json,geojson,https://brainportal.humanbrain.in/code/2dviewer/annotation/public?data=4&region=-1&section=1240
1246,data2d/specimen_5/Specimen_5_1246.tif,tif,4,20000,20000,,,https://brainportal.humanbrain.in/code/2dviewer/annotation/public?data=4&region=-1&section=1246&type=hd
1249,data2d/specimen_5/Specimen_5_1249.tif,tif,4,20000,20000,,,https://brainportal.humanbrain.in/code/2dviewer/annotation/public?data=4&region=-1&section=1249&type=hd
1252,data2d/specimen_5/Specimen_5_1252.tif,tif,4,20000,20000,,,https://brainportal.humanbrain.in/code/2dviewer/annotation/public?data=4&region=-1&section=1252&type=hd
1255,data2d/specimen_5/Specimen_5_1255.tif,tif,4,20000,20000,,,https://brainportal.humanbrain.in/code/2dviewer/annotation/public?data=4&region=-1&section=1255&type=hd
1258,data2d/specimen_5/Specimen_5_1258.tif,tif,1,80000,80000,https://dharani-fetal-brain-atlas.s3.us-west-2.amazonaws.com/data2d/specimen_5/Specimen_5_1258.json,geojson,https://brainportal.humanbrain.in/code/2dviewer/annotation/public?data=4&region=-1&section=1258
1261,data2d/specimen_5/Specimen_5_1261.tif,tif,4,20000,20000,,,https://brainportal.humanbrain.in/code/2dviewer/annotation/public?data=4&region=-1&section=1261&type=hd
1264,data2d/specimen_5/Specimen_5_1264.tif,tif,4,20000,20000,,,https://brainportal.humanbrain.in/code/2dviewer/annotation/public?data=4&region=-1&section=1264&type=hd
1267,data2d/specimen_5/Specimen_5_1267.tif,tif,4,20000,20000,,,https://brainportal.humanbrain.in/code/2dviewer/annotation/public?data=4&region=-1&section=1267&type=hd
1273,data2d/specimen_5/Specimen_5_1273.tif,tif,1,80000,80000,https://dharani-fetal-brain-atlas.s3.us-west-2.amazonaws.com/data2d/specimen_5/Specimen_5_1273.json,geojson,https://brainportal.humanbrain.in/code/2dviewer/annotation/public?data=4&region=-1&section=1273
1279,data2d/specimen_5/Specimen_5_1279.tif,tif,4,20000,20000,,,https://brainportal.humanbrain.in/code/2dviewer/annotation/public?data=4&region=-1&section=1279&type=hd
1282,data2d/specimen_5/Specimen_5_1282.tif,tif,4,20000,20000,,,https://brainportal.humanbrain.in/code/2dviewer/annotation/public?data=4&region=-1&section=1282&type=hd
1285,data2d/specimen_5/Specimen_5_1285.tif,tif,4,20000,20000,,,https://brainportal.humanbrain.in/code/2dviewer/annotation/public?data=4&region=-1&section=1285&type=hd
1288,data2d/specimen_5/Specimen_5_1288.tif,tif,1,80000,80000,https://dharani-fetal-brain-atlas.s3.us-west-2.amazonaws.com/data2d/specimen_5/Specimen_5_1288.json,geojson,https://brainportal.humanbrain.in/code/2dviewer/annotation/public?data=4&region=-1&section=1288
1291,data2d/specimen_5/Specimen_5_1291.tif,tif,4,20000,20000,,,https://brainportal.humanbrain.in/code/2dviewer/annotation/public?data=4&region=-1&section=1291&type=hd
1294,data2d/specimen_5/Specimen_5_1294.tif,tif,4,20000,20000,,,https://brainportal.humanbrain.in/code/2dviewer/annotation/public?data=4&region=-1&section=1294&type=hd
1297,data2d/specimen_5/Specimen_5_1297.tif,tif,4,20000,20000,,,https://brainportal.humanbrain.in/code/2dviewer/annotation/public?data=4&region=-1&section=1297&type=hd
1300,data2d/specimen_5/Specimen_5_1300.tif,tif,1,80000,80000,https://dharani-fetal-brain-atlas.s3.us-west-2.amazonaws.com/data2d/specimen_5/Specimen_5_1300.json,geojson,https://brainportal.humanbrain.in/code/2dviewer/annotation/public?data=4&region=-1&section=1300
1306,data2d/specimen_5/Specimen_5_1306.tif,tif,4,20000,20000,,,https://brainportal.humanbrain.in/code/2dviewer/annotation/public?data=4&region=-1&section=1306&type=hd
1315,data2d/specimen_5/Specimen_5_1315.tif,tif,4,20000,20000,,,https://brainportal.humanbrain.in/code/2dviewer/annotation/public?data=4&region=-1&section=1315&type=hd
1318,data2d/specimen_5/Specimen_5_1318.tif,tif,1,80000,80000,https://dharani-fetal-brain-atlas.s3.us-west-2.amazonaws.com/data2d/specimen_5/Specimen_5_1318.json,geojson,https://brainportal.humanbrain.in/code/2dviewer/annotation/public?data=4&region=-1&section=1318
1321,data2d/specimen_5/Specimen_5_1321.tif,tif,4,20000,20000,,,https://brainportal.humanbrain.in/code/2dviewer/annotation/public?data=4&region=-1&section=1321&type=hd
1324,data2d/specimen_5/Specimen_5_1324.tif,tif,4,20000,20000,,,https://brainportal.humanbrain.in/code/2dviewer/annotation/public?data=4&region=-1&section=1324&type=hd
1327,data2d/specimen_5/Specimen_5_1327.tif,tif,4,20000,20000,,,https://brainportal.humanbrain.in/code/2dviewer/annotation/public?data=4&region=-1&section=1327&type=hd
1330,data2d/specimen_5/Specimen_5_1330.tif,tif,4,20000,20000,,,https://brainportal.humanbrain.in/code/2dviewer/annotation/public?data=4&region=-1&section=1330&type=hd
1333,data2d/specimen_5/Specimen_5_1333.tif,tif,1,80000,80000,https://dharani-fetal-brain-atlas.s3.us-west-2.amazonaws.com/data2d/specimen_5/Specimen_5_1333.json,geojson,https://brainportal.humanbrain.in/code/2dviewer/annotation/public?data=4&region=-1&section=1333
1336,data2d/specimen_5/Specimen_5_1336.tif,tif,4,20000,20000,,,https://brainportal.humanbrain.in/code/2dviewer/annotation/public?data=4&region=-1&section=1336&type=hd
1339,data2d/specimen_5/Specimen_5_1339.tif,tif,4,20000,20000,,,https://brainportal.humanbrain.in/code/2dviewer/annotation/public?data=4&region=-1&section=1339&type=hd
1342,data2d/specimen_5/Specimen_5_1342.tif,tif,1,80000,80000,https://dharani-fetal-brain-atlas.s3.us-west-2.amazonaws.com/data2d/specimen_5/Specimen_5_1342.json,geojson,https://brainportal.humanbrain.in/code/2dviewer/annotation/public?data=4&region=-1&section=1342
1348,data2d/specimen_5/Specimen_5_1348.tif,tif,4,20000,20000,,,https://brainportal.humanbrain.in/code/2dviewer/annotation/public?data=4&region=-1&section=1348&type=hd
1357,data2d/specimen_5/Specimen_5_1357.tif,tif,4,20000,20000,,,https://brainportal.humanbrain.in/code/2dviewer/annotation/public?data=4&region=-1&section=1357&type=hd
1363,data2d/specimen_5/Specimen_5_1363.tif,tif,4,20000,20000,,,https://brainportal.humanbrain.in/code/2dviewer/annotation/public?data=4&region=-1&section=1363&type=hd
1366,data2d/specimen_5/Specimen_5_1366.tif,tif,4,20000,20000,,,https://brainportal.humanbrain.in/code/2dviewer/annotation/public?data=4&region=-1&section=1366&type=hd
1375,data2d/specimen_5/Specimen_5_1375.tif,tif,4,20000,20000,,,https://brainportal.humanbrain.in/code/2dviewer/annotation/public?data=4&region=-1&section=1375&type=hd
1378,data2d/specimen_5/Specimen_5_1378.tif,tif,4,20000,20000,,,https://brainportal.humanbrain.in/code/2dviewer/annotation/public?data=4&region=-1&section=1378&type=hd
1384,data2d/specimen_5/Specimen_5_1384.tif,tif,4,20000,20000,,,https://brainportal.humanbrain.in/code/2dviewer/annotation/public?data=4&region=-1&section=1384&type=hd
1387,data2d/specimen_5/Specimen_5_1387.tif,tif,4,20000,20000,,,https://brainportal.humanbrain.in/code/2dviewer/annotation/public?data=4&region=-1&section=1387&type=hd
1390,data2d/specimen_5/Specimen_5_1390.tif,tif,4,20000,20000,,,https://brainportal.humanbrain.in/code/2dviewer/annotation/public?data=4&region=-1&section=1390&type=hd
1393,data2d/specimen_5/Specimen_5_1393.tif,tif,4,20000,20000,,,https://brainportal.humanbrain.in/code/2dviewer/annotation/public?data=4&region=-1&section=1393&type=hd
1396,data2d/specimen_5/Specimen_5_1396.tif,tif,1,80000,80000,https://dharani-fetal-brain-atlas.s3.us-west-2.amazonaws.com/data2d/specimen_5/Specimen_5_1396.json,geojson,https://brainportal.humanbrain.in/code/2dviewer/annotation/public?data=4&region=-1&section=1396
1399,data2d/specimen_5/Specimen_5_1399.tif,tif,4,20000,20000,,,https://brainportal.humanbrain.in/code/2dviewer/annotation/public?data=4&region=-1&section=1399&type=hd
1402,data2d/specimen_5/Specimen_5_1402.tif,tif,4,20000,20000,,,https://brainportal.humanbrain.in/code/2dviewer/annotation/public?data=4&region=-1&section=1402&type=hd
1405,data2d/specimen_5/Specimen_5_1405.tif,tif,4,20000,20000,,,https://brainportal.humanbrain.in/code/2dviewer/annotation/public?data=4&region=-1&section=1405&type=hd
1411,data2d/specimen_5/Specimen_5_1411.tif,tif,4,20000,20000,,,https://brainportal.humanbrain.in/code/2dviewer/annotation/public?data=4&region=-1&section=1411&type=hd
1414,data2d/specimen_5/Specimen_5_1414.tif,tif,1,80000,80000,https://dharani-fetal-brain-atlas.s3.us-west-2.amazonaws.com/data2d/specimen_5/Specimen_5_1414.json,geojson,https://brainportal.humanbrain.in/code/2dviewer/annotation/public?data=4&region=-1&section=1414
1417,data2d/specimen_5/Specimen_5_1417.tif,tif,4,20000,20000,,,https://brainportal.humanbrain.in/code/2dviewer/annotation/public?data=4&region=-1&section=1417&type=hd
1420,data2d/specimen_5/Specimen_5_1420.tif,tif,4,20000,20000,,,https://brainportal.humanbrain.in/code/2dviewer/annotation/public?data=4&region=-1&section=1420&type=hd
1423,data2d/specimen_5/Specimen_5_1423.tif,tif,4,20000,20000,,,https://brainportal.humanbrain.in/code/2dviewer/annotation/public?data=4&region=-1&section=1423&type=hd
1429,data2d/specimen_5/Specimen_5_1429.tif,tif,4,20000,20000,,,https://brainportal.humanbrain.in/code/2dviewer/annotation/public?data=4&region=-1&section=1429&type=hd
1432,data2d/specimen_5/Specimen_5_1432.tif,tif,1,80000,80000,https://dharani-fetal-brain-atlas.s3.us-west-2.amazonaws.com/data2d/specimen_5/Specimen_5_1432.json,geojson,https://brainportal.humanbrain.in/code/2dviewer/annotation/public?data=4&region=-1&section=1432
1435,data2d/specimen_5/Specimen_5_1435.tif,tif,4,20000,20000,,,https://brainportal.humanbrain.in/code/2dviewer/annotation/public?data=4&region=-1&section=1435&type=hd
1438,data2d/specimen_5/Specimen_5_1438.tif,tif,4,20000,20000,,,https://brainportal.humanbrain.in/code/2dviewer/annotation/public?data=4&region=-1&section=1438&type=hd
1441,data2d/specimen_5/Specimen_5_1441.tif,tif,4,20000,20000,,,https://brainportal.humanbrain.in/code/2dviewer/annotation/public?data=4&region=-1&section=1441&type=hd
1444,data2d/specimen_5/Specimen_5_1444.tif,tif,1,80000,80000,https://dharani-fetal-brain-atlas.s3.us-west-2.amazonaws.com/data2d/specimen_5/Specimen_5_1444.json,geojson,https://brainportal.humanbrain.in/code/2dviewer/annotation/public?data=4&region=-1&section=1444
1447,data2d/specimen_5/Specimen_5_1447.tif,tif,4,20000,20000,,,https://brainportal.humanbrain.in/code/2dviewer/annotation/public?data=4&region=-1&section=1447&type=hd
1450,data2d/specimen_5/Specimen_5_1450.tif,tif,4,20000,20000,,,https://brainportal.humanbrain.in/code/2dviewer/annotation/public?data=4&region=-1&section=1450&type=hd
1453,data2d/specimen_5/Specimen_5_1453.tif,tif,4,20000,20000,,,https://brainportal.humanbrain.in/code/2dviewer/annotation/public?data=4&region=-1&section=1453&type=hd
1456,data2d/specimen_5/Specimen_5_1456.tif,tif,1,80000,80000,https://dharani-fetal-brain-atlas.s3.us-west-2.amazonaws.com/data2d/specimen_5/Specimen_5_1456.json,geojson,https://brainportal.humanbrain.in/code/2dviewer/annotation/public?data=4&region=-1&section=1456
1462,data2d/specimen_5/Specimen_5_1462.tif,tif,4,20000,20000,,,https://brainportal.humanbrain.in/code/2dviewer/annotation/public?data=4&region=-1&section=1462&type=hd
1465,data2d/specimen_5/Specimen_5_1465.tif,tif,4,20000,20000,,,https://brainportal.humanbrain.in/code/2dviewer/annotation/public?data=4&region=-1&section=1465&type=hd
1468,data2d/specimen_5/Specimen_5_1468.tif,tif,1,80000,80000,https://dharani-fetal-brain-atlas.s3.us-west-2.amazonaws.com/data2d/specimen_5/Specimen_5_1468.json,geojson,https://brainportal.humanbrain.in/code/2dviewer/annotation/public?data=4&region=-1&section=1468
1480,data2d/specimen_5/Specimen_5_1480.tif,tif,4,20000,20000,,,https://brainportal.humanbrain.in/code/2dviewer/annotation/public?data=4&region=-1&section=1480&type=hd
1486,data2d/specimen_5/Specimen_5_1486.tif,tif,1,80000,80000,https://dharani-fetal-brain-atlas.s3.us-west-2.amazonaws.com/data2d/specimen_5/Specimen_5_1486.json,geojson,https://brainportal.humanbrain.in/code/2dviewer/annotation/public?data=4&region=-1&section=1486
1489,data2d/specimen_5/Specimen_5_1489.tif,tif,4,20000,20000,,,https://brainportal.humanbrain.in/code/2dviewer/annotation/public?data=4&region=-1&section=1489&type=hd
1495,data2d/specimen_5/Specimen_5_1495.tif,tif,4,20000,20000,,,https://brainportal.humanbrain.in/code/2dviewer/annotation/public?data=4&region=-1&section=1495&type=hd
1498,data2d/specimen_5/Specimen_5_1498.tif,tif,1,80000,80000,https://dharani-fetal-brain-atlas.s3.us-west-2.amazonaws.com/data2d/specimen_5/Specimen_5_1498.json,geojson,https://brainportal.humanbrain.in/code/2dviewer/annotation/public?data=4&region=-1&section=1498
1507,data2d/specimen_5/Specimen_5_1507.tif,tif,4,20000,20000,,,https://brainportal.humanbrain.in/code/2dviewer/annotation/public?data=4&region=-1&section=1507&type=hd
1510,data2d/specimen_5/Specimen_5_1510.tif,tif,4,20000,20000,,,https://brainportal.humanbrain.in/code/2dviewer/annotation/public?data=4&region=-1&section=1510&type=hd
1513,data2d/specimen_5/Specimen_5_1513.tif,tif,4,20000,20000,,,https://brainportal.humanbrain.in/code/2dviewer/annotation/public?data=4&region=-1&section=1513&type=hd
1516,data2d/specimen_5/Specimen_5_1516.tif,tif,1,80000,80000,https://dharani-fetal-brain-atlas.s3.us-west-2.amazonaws.com/data2d/specimen_5/Specimen_5_1516.json,geojson,https://brainportal.humanbrain.in/code/2dviewer/annotation/public?data=4&region=-1&section=1516
1519,data2d/specimen_5/Specimen_5_1519.tif,tif,4,20000,20000,,,https://brainportal.humanbrain.in/code/2dviewer/annotation/public?data=4&region=-1&section=1519&type=hd
1534,data2d/specimen_5/Specimen_5_1534.tif,tif,1,80000,80000,https://dharani-fetal-brain-atlas.s3.us-west-2.amazonaws.com/data2d/specimen_5/Specimen_5_1534.json,geojson,https://brainportal.humanbrain.in/code/2dviewer/annotation/public?data=4&region=-1&section=1534
1537,data2d/specimen_5/Specimen_5_1537.tif,tif,4,20000,20000,,,https://brainportal.humanbrain.in/code/2dviewer/annotation/public?data=4&region=-1&section=1537&type=hd
1540,data2d/specimen_5/Specimen_5_1540.tif,tif,4,20000,20000,,,https://brainportal.humanbrain.in/code/2dviewer/annotation/public?data=4&region=-1&section=1540&type=hd
1546,data2d/specimen_5/Specimen_5_1546.tif,tif,1,80000,80000,https://dharani-fetal-brain-atlas.s3.us-west-2.amazonaws.com/data2d/specimen_5/Specimen_5_1546.json,geojson,https://brainportal.humanbrain.in/code/2dviewer/annotation/public?data=4&region=-1&section=1546
1549,data2d/specimen_5/Specimen_5_1549.tif,tif,4,20000,20000,,,https://brainportal.humanbrain.in/code/2dviewer/annotation/public?data=4&region=-1&section=1549&type=hd
1552,data2d/specimen_5/Specimen_5_1552.tif,tif,4,20000,20000,,,https://brainportal.humanbrain.in/code/2dviewer/annotation/public?data=4&region=-1&section=1552&type=hd
1555,data2d/specimen_5/Specimen_5_1555.tif,tif,1,80000,80000,https://dharani-fetal-brain-atlas.s3.us-west-2.amazonaws.com/data2d/specimen_5/Specimen_5_1555.json,geojson,https://brainportal.humanbrain.in/code/2dviewer/annotation/public?data=4&region=-1&section=1555
1558,data2d/specimen_5/Specimen_5_1558.tif,tif,4,20000,20000,,,https://brainportal.humanbrain.in/code/2dviewer/annotation/public?data=4&region=-1&section=1558&type=hd
1561,data2d/specimen_5/Specimen_5_1561.tif,tif,4,20000,20000,,,https://brainportal.humanbrain.in/code/2dviewer/annotation/public?data=4&region=-1&section=1561&type=hd
1564,data2d/specimen_5/Specimen_5_1564.tif,tif,4,20000,20000,,,https://brainportal.humanbrain.in/code/2dviewer/annotation/public?data=4&region=-1&section=1564&type=hd
1567,data2d/specimen_5/Specimen_5_1567.tif,tif,4,20000,20000,,,https://brainportal.humanbrain.in/code/2dviewer/annotation/public?data=4&region=-1&section=1567&type=hd
1570,data2d/specimen_5/Specimen_5_1570.tif,tif,4,20000,20000,,,https://brainportal.humanbrain.in/code/2dviewer/annotation/public?data=4&region=-1&section=1570&type=hd
1573,data2d/specimen_5/Specimen_5_1573.tif,tif,4,20000,20000,,,https://brainportal.humanbrain.in/code/2dviewer/annotation/public?data=4&region=-1&section=1573&type=hd
1579,data2d/specimen_5/Specimen_5_1579.tif,tif,1,80000,80000,https://dharani-fetal-brain-atlas.s3.us-west-2.amazonaws.com/data2d/specimen_5/Specimen_5_1579.json,geojson,https://brainportal.humanbrain.in/code/2dviewer/annotation/public?data=4&region=-1&section=1579
1585,data2d/specimen_5/Specimen_5_1585.tif,tif,4,20000,20000,,,https://brainportal.humanbrain.in/code/2dviewer/annotation/public?data=4&region=-1&section=1585&type=hd
1588,data2d/specimen_5/Specimen_5_1588.tif,tif,4,20000,20000,,,https://brainportal.humanbrain.in/code/2dviewer/annotation/public?data=4&region=-1&section=1588&type=hd
1591,data2d/specimen_5/Specimen_5_1591.tif,tif,4,20000,20000,,,https://brainportal.humanbrain.in/code/2dviewer/annotation/public?data=4&region=-1&section=1591&type=hd
1594,data2d/specimen_5/Specimen_5_1594.tif,tif,4,20000,20000,,,https://brainportal.humanbrain.in/code/2dviewer/annotation/public?data=4&region=-1&section=1594&type=hd
1597,data2d/specimen_5/Specimen_5_1597.tif,tif,4,20000,20000,,,https://brainportal.humanbrain.in/code/2dviewer/annotation/public?data=4&region=-1&section=1597&type=hd
1606,data2d/specimen_5/Specimen_5_1606.tif,tif,1,80000,80000,https://dharani-fetal-brain-atlas.s3.us-west-2.amazonaws.com/data2d/specimen_5/Specimen_5_1606.json,geojson,https://brainportal.humanbrain.in/code/2dviewer/annotation/public?data=4&region=-1&section=1606
1609,data2d/specimen_5/Specimen_5_1609.tif,tif,4,20000,20000,,,https://brainportal.humanbrain.in/code/2dviewer/annotation/public?data=4&region=-1&section=1609&type=hd
1612,data2d/specimen_5/Specimen_5_1612.tif,tif,4,20000,20000,,,https://brainportal.humanbrain.in/code/2dviewer/annotation/public?data=4&region=-1&section=1612&type=hd
1615,data2d/specimen_5/Specimen_5_1615.tif,tif,4,20000,20000,,,https://brainportal.humanbrain.in/code/2dviewer/annotation/public?data=4&region=-1&section=1615&type=hd
1618,data2d/specimen_5/Specimen_5_1618.tif,tif,4,20000,20000,,,https://brainportal.humanbrain.in/code/2dviewer/annotation/public?data=4&region=-1&section=1618&type=hd
1621,data2d/specimen_5/Specimen_5_1621.tif,tif,4,20000,20000,,,https://brainportal.humanbrain.in/code/2dviewer/annotation/public?data=4&region=-1&section=1621&type=hd
1633,data2d/specimen_5/Specimen_5_1633.tif,tif,1,80000,80000,https://dharani-fetal-brain-atlas.s3.us-west-2.amazonaws.com/data2d/specimen_5/Specimen_5_1633.json,geojson,https://brainportal.humanbrain.in/code/2dviewer/annotation/public?data=4&region=-1&section=1633
1639,data2d/specimen_5/Specimen_5_1639.tif,tif,4,20000,20000,,,https://brainportal.humanbrain.in/code/2dviewer/annotation/public?data=4&region=-1&section=1639&type=hd
1642,data2d/specimen_5/Specimen_5_1642.tif,tif,4,20000,20000,,,https://brainportal.humanbrain.in/code/2dviewer/annotation/public?data=4&region=-1&section=1642&type=hd
1645,data2d/specimen_5/Specimen_5_1645.tif,tif,1,80000,80000,https://dharani-fetal-brain-atlas.s3.us-west-2.amazonaws.com/data2d/specimen_5/Specimen_5_1645.json,geojson,https://brainportal.humanbrain.in/code/2dviewer/annotation/public?data=4&region=-1&section=1645
1648,data2d/specimen_5/Specimen_5_1648.tif,tif,4,20000,20000,,,https://brainportal.humanbrain.in/code/2dviewer/annotation/public?data=4&region=-1&section=1648&type=hd
1657,data2d/specimen_5/Specimen_5_1657.tif,tif,4,20000,20000,,,https://brainportal.humanbrain.in/code/2dviewer/annotation/public?data=4&region=-1&section=1657&type=hd
1660,data2d/specimen_5/Specimen_5_1660.tif,tif,4,20000,20000,,,https://brainportal.humanbrain.in/code/2dviewer/annotation/public?data=4&region=-1&section=1660&type=hd
1663,data2d/specimen_5/Specimen_5_1663.tif,tif,4,20000,20000,,,https://brainportal.humanbrain.in/code/2dviewer/annotation/public?data=4&region=-1&section=1663&type=hd
1666,data2d/specimen_5/Specimen_5_1666.tif,tif,4,20000,20000,,,https://brainportal.humanbrain.in/code/2dviewer/annotation/public?data=4&region=-1&section=1666&type=hd
1669,data2d/specimen_5/Specimen_5_1669.tif,tif,1,80000,80000,https://dharani-fetal-brain-atlas.s3.us-west-2.amazonaws.com/data2d/specimen_5/Specimen_5_1669.json,geojson,https://brainportal.humanbrain.in/code/2dviewer/annotation/public?data=4&region=-1&section=1669
1672,data2d/specimen_5/Specimen_5_1672.tif,tif,4,20000,20000,,,https://brainportal.humanbrain.in/code/2dviewer/annotation/public?data=4&region=-1&section=1672&type=hd
1675,data2d/specimen_5/Specimen_5_1675.tif,tif,4,20000,20000,,,https://brainportal.humanbrain.in/code/2dviewer/annotation/public?data=4&region=-1&section=1675&type=hd
1678,data2d/specimen_5/Specimen_5_1678.tif,tif,4,20000,20000,,,https://brainportal.humanbrain.in/code/2dviewer/annotation/public?data=4&region=-1&section=1678&type=hd
1681,data2d/specimen_5/Specimen_5_1681.tif,tif,1,80000,80000,https://dharani-fetal-brain-atlas.s3.us-west-2.amazonaws.com/data2d/specimen_5/Specimen_5_1681.json,geojson,https://brainportal.humanbrain.in/code/2dviewer/annotation/public?data=4&region=-1&section=1681
1684,data2d/specimen_5/Specimen_5_1684.tif,tif,4,20000,20000,,,https://brainportal.humanbrain.in/code/2dviewer/annotation/public?data=4&region=-1&section=1684&type=hd
1687,data2d/specimen_5/Specimen_5_1687.tif,tif,4,20000,20000,,,https://brainportal.humanbrain.in/code/2dviewer/annotation/public?data=4&region=-1&section=1687&type=hd
1690,data2d/specimen_5/Specimen_5_1690.tif,tif,1,80000,80000,https://dharani-fetal-brain-atlas.s3.us-west-2.amazonaws.com/data2d/specimen_5/Specimen_5_1690.json,geojson,https://brainportal.humanbrain.in/code/2dviewer/annotation/public?data=4&region=-1&section=1690
1693,data2d/specimen_5/Specimen_5_1693.tif,tif,4,20000,20000,,,https://brainportal.humanbrain.in/code/2dviewer/annotation/public?data=4&region=-1&section=1693&type=hd
1696,data2d/specimen_5/Specimen_5_1696.tif,tif,4,20000,20000,,,https://brainportal.humanbrain.in/code/2dviewer/annotation/public?data=4&region=-1&section=1696&type=hd
1699,data2d/specimen_5/Specimen_5_1699.tif,tif,4,20000,20000,,,https://brainportal.humanbrain.in/code/2dviewer/annotation/public?data=4&region=-1&section=1699&type=hd
1702,data2d/specimen_5/Specimen_5_1702.tif,tif,1,80000,80000,https://dharani-fetal-brain-atlas.s3.us-west-2.amazonaws.com/data2d/specimen_5/Specimen_5_1702.json,geojson,https://brainportal.humanbrain.in/code/2dviewer/annotation/public?data=4&region=-1&section=1702
1705,data2d/specimen_5/Specimen_5_1705.tif,tif,4,20000,20000,,,https://brainportal.humanbrain.in/code/2dviewer/annotation/public?data=4&region=-1&section=1705&type=hd
1708,data2d/specimen_5/Specimen_5_1708.tif,tif,4,20000,20000,,,https://brainportal.humanbrain.in/code/2dviewer/annotation/public?data=4&region=-1&section=1708&type=hd
1711,data2d/specimen_5/Specimen_5_1711.tif,tif,4,20000,20000,,,https://brainportal.humanbrain.in/code/2dviewer/annotation/public?data=4&region=-1&section=1711&type=hd
1720,data2d/specimen_5/Specimen_5_1720.tif,tif,1,80000,80000,https://dharani-fetal-brain-atlas.s3.us-west-2.amazonaws.com/data2d/specimen_5/Specimen_5_1720.json,geojson,https://brainportal.humanbrain.in/code/2dviewer/annotation/public?data=4&region=-1&section=1720
1723,data2d/specimen_5/Specimen_5_1723.tif,tif,4,20000,20000,,,https://brainportal.humanbrain.in/code/2dviewer/annotation/public?data=4&region=-1&section=1723&type=hd
1726,data2d/specimen_5/Specimen_5_1726.tif,tif,4,20000,20000,,,https://brainportal.humanbrain.in/code/2dviewer/annotation/public?data=4&region=-1&section=1726&type=hd
1729,data2d/specimen_5/Specimen_5_1729.tif,tif,4,20000,20000,,,https://brainportal.humanbrain.in/code/2dviewer/annotation/public?data=4&region=-1&section=1729&type=hd
1732,data2d/specimen_5/Specimen_5_1732.tif,tif,4,20000,20000,,,https://brainportal.humanbrain.in/code/2dviewer/annotation/public?data=4&region=-1&section=1732&type=hd
1735,data2d/specimen_5/Specimen_5_1735.tif,tif,4,20000,20000,,,https://brainportal.humanbrain.in/code/2dviewer/annotation/public?data=4&region=-1&section=1735&type=hd
1741,data2d/specimen_5/Specimen_5_1741.tif,tif,4,20000,20000,,,https://brainportal.humanbrain.in/code/2dviewer/annotation/public?data=4&region=-1&section=1741&type=hd
1744,data2d/specimen_5/Specimen_5_1744.tif,tif,4,20000,20000,,,https://brainportal.humanbrain.in/code/2dviewer/annotation/public?data=4&region=-1&section=1744&type=hd
1747,data2d/specimen_5/Specimen_5_1747.tif,tif,4,20000,20000,,,https://brainportal.humanbrain.in/code/2dviewer/annotation/public?data=4&region=-1&section=1747&type=hd
1750,data2d/specimen_5/Specimen_5_1750.tif,tif,4,20000,20000,,,https://brainportal.humanbrain.in/code/2dviewer/annotation/public?data=4&region=-1&section=1750&type=hd
1753,data2d/specimen_5/Specimen_5_1753.tif,tif,4,20000,20000,,,https://brainportal.humanbrain.in/code/2dviewer/annotation/public?data=4&region=-1&section=1753&type=hd
1756,data2d/specimen_5/Specimen_5_1756.tif,tif,4,20000,20000,,,https://brainportal.humanbrain.in/code/2dviewer/annotation/public?data=4&region=-1&section=1756&type=hd
1759,data2d/specimen_5/Specimen_5_1759.tif,tif,4,20000,20000,,,https://brainportal.humanbrain.in/code/2dviewer/annotation/public?data=4&region=-1&section=1759&type=hd
1762,data2d/specimen_5/Specimen_5_1762.tif,tif,4,20000,20000,,,https://brainportal.humanbrain.in/code/2dviewer/annotation/public?data=4&region=-1&section=1762&type=hd
1768,data2d/specimen_5/Specimen_5_1768.tif,tif,4,20000,20000,,,https://brainportal.humanbrain.in/code/2dviewer/annotation/public?data=4&region=-1&section=1768&type=hd
1771,data2d/specimen_5/Specimen_5_1771.tif,tif,4,20000,20000,,,https://brainportal.humanbrain.in/code/2dviewer/annotation/public?data=4&region=-1&section=1771&type=hd
1774,data2d/specimen_5/Specimen_5_1774.tif,tif,4,20000,20000,,,https://brainportal.humanbrain.in/code/2dviewer/annotation/public?data=4&region=-1&section=1774&type=hd
1777,data2d/specimen_5/Specimen_5_1777.tif,tif,4,20000,20000,,,https://brainportal.humanbrain.in/code/2dviewer/annotation/public?data=4&region=-1&section=1777&type=hd
1780,data2d/specimen_5/Specimen_5_1780.tif,tif,1,80000,80000,https://dharani-fetal-brain-atlas.s3.us-west-2.amazonaws.com/data2d/specimen_5/Specimen_5_1780.json,geojson,https://brainportal.humanbrain.in/code/2dviewer/annotation/public?data=4&region=-1&section=1780
1783,data2d/specimen_5/Specimen_5_1783.tif,tif,4,20000,20000,,,https://brainportal.humanbrain.in/code/2dviewer/annotation/public?data=4&region=-1&section=1783&type=hd
1792,data2d/specimen_5/Specimen_5_1792.tif,tif,4,20000,20000,,,https://brainportal.humanbrain.in/code/2dviewer/annotation/public?data=4&region=-1&section=1792&type=hd
1795,data2d/specimen_5/Specimen_5_1795.tif,tif,4,20000,20000,,,https://brainportal.humanbrain.in/code/2dviewer/annotation/public?data=4&region=-1&section=1795&type=hd
1801,data2d/specimen_5/Specimen_5_1801.tif,tif,4,20000,20000,,,https://brainportal.humanbrain.in/code/2dviewer/annotation/public?data=4&region=-1&section=1801&type=hd
1804,data2d/specimen_5/Specimen_5_1804.tif,tif,1,80000,80000,https://dharani-fetal-brain-atlas.s3.us-west-2.amazonaws.com/data2d/specimen_5/Specimen_5_1804.json,geojson,https://brainportal.humanbrain.in/code/2dviewer/annotation/public?data=4&region=-1&section=1804
1810,data2d/specimen_5/Specimen_5_1810.tif,tif,4,20000,20000,,,https://brainportal.humanbrain.in/code/2dviewer/annotation/public?data=4&region=-1&section=1810&type=hd
1813,data2d/specimen_5/Specimen_5_1813.tif,tif,4,20000,20000,,,https://brainportal.humanbrain.in/code/2dviewer/annotation/public?data=4&region=-1&section=1813&type=hd
1816,data2d/specimen_5/Specimen_5_1816.tif,tif,1,80000,80000,https://dharani-fetal-brain-atlas.s3.us-west-2.amazonaws.com/data2d/specimen_5/Specimen_5_1816.json,geojson,https://brainportal.humanbrain.in/code/2dviewer/annotation/public?data=4&region=-1&section=1816
1822,data2d/specimen_5/Specimen_5_1822.tif,tif,4,20000,20000,,,https://brainportal.humanbrain.in/code/2dviewer/annotation/public?data=4&region=-1&section=1822&type=hd
1825,data2d/specimen_5/Specimen_5_1825.tif,tif,4,20000,20000,,,https://brainportal.humanbrain.in/code/2dviewer/annotation/public?data=4&region=-1&section=1825&type=hd
1828,data2d/specimen_5/Specimen_5_1828.tif,tif,4,20000,20000,,,https://brainportal.humanbrain.in/code/2dviewer/annotation/public?data=4&region=-1&section=1828&type=hd
1831,data2d/specimen_5/Specimen_5_1831.tif,tif,4,20000,20000,,,https://brainportal.humanbrain.in/code/2dviewer/annotation/public?data=4&region=-1&section=1831&type=hd
1834,data2d/specimen_5/Specimen_5_1834.tif,tif,4,20000,20000,,,https://brainportal.humanbrain.in/code/2dviewer/annotation/public?data=4&region=-1&section=1834&type=hd
1837,data2d/specimen_5/Specimen_5_1837.tif,tif,4,20000,20000,,,https://brainportal.humanbrain.in/code/2dviewer/annotation/public?data=4&region=-1&section=1837&type=hd
1840,data2d/specimen_5/Specimen_5_1840.tif,tif,1,80000,80000,https://dharani-fetal-brain-atlas.s3.us-west-2.amazonaws.com/data2d/specimen_5/Specimen_5_1840.json,geojson,https://brainportal.humanbrain.in/code/2dviewer/annotation/public?data=4&region=-1&section=1840
1843,data2d/specimen_5/Specimen_5_1843.tif,tif,4,20000,20000,,,https://brainportal.humanbrain.in/code/2dviewer/annotation/public?data=4&region=-1&section=1843&type=hd
1846,data2d/specimen_5/Specimen_5_1846.tif,tif,4,20000,20000,,,https://brainportal.humanbrain.in/code/2dviewer/annotation/public?data=4&region=-1&section=1846&type=hd
1852,data2d/specimen_5/Specimen_5_1852.tif,tif,4,20000,20000,,,https://brainportal.humanbrain.in/code/2dviewer/annotation/public?data=4&region=-1&section=1852&type=hd
1855,data2d/specimen_5/Specimen_5_1855.tif,tif,4,20000,20000,,,https://brainportal.humanbrain.in/code/2dviewer/annotation/public?data=4&region=-1&section=1855&type=hd
1858,data2d/specimen_5/Specimen_5_1858.tif,tif,4,20000,20000,,,https://brainportal.humanbrain.in/code/2dviewer/annotation/public?data=4&region=-1&section=1858&type=hd
1861,data2d/specimen_5/Specimen_5_1861.tif,tif,1,80000,80000,https://dharani-fetal-brain-atlas.s3.us-west-2.amazonaws.com/data2d/specimen_5/Specimen_5_1861.json,geojson,https://brainportal.humanbrain.in/code/2dviewer/annotation/public?data=4&region=-1&section=1861
1864,data2d/specimen_5/Specimen_5_1864.tif,tif,4,20000,20000,,,https://brainportal.humanbrain.in/code/2dviewer/annotation/public?data=4&region=-1&section=1864&type=hd
1867,data2d/specimen_5/Specimen_5_1867.tif,tif,4,20000,20000,,,https://brainportal.humanbrain.in/code/2dviewer/annotation/public?data=4&region=-1&section=1867&type=hd
1873,data2d/specimen_5/Specimen_5_1873.tif,tif,4,20000,20000,,,https://brainportal.humanbrain.in/code/2dviewer/annotation/public?data=4&region=-1&section=1873&type=hd
1876,data2d/specimen_5/Specimen_5_1876.tif,tif,4,20000,20000,,,https://brainportal.humanbrain.in/code/2dviewer/annotation/public?data=4&region=-1&section=1876&type=hd
1879,data2d/specimen_5/Specimen_5_1879.tif,tif,4,20000,20000,,,https://brainportal.humanbrain.in/code/2dviewer/annotation/public?data=4&region=-1&section=1879&type=hd
1882,data2d/specimen_5/Specimen_5_1882.tif,tif,4,20000,20000,,,https://brainportal.humanbrain.in/code/2dviewer/annotation/public?data=4&region=-1&section=1882&type=hd
1885,data2d/specimen_5/Specimen_5_1885.tif,tif,4,20000,20000,,,https://brainportal.humanbrain.in/code/2dviewer/annotation/public?data=4&region=-1&section=1885&type=hd
1888,data2d/specimen_5/Specimen_5_1888.tif,tif,1,80000,80000,https://dharani-fetal-brain-atlas.s3.us-west-2.amazonaws.com/data2d/specimen_5/Specimen_5_1888.json,geojson,https://brainportal.humanbrain.in/code/2dviewer/annotation/public?data=4&region=-1&section=1888
1891,data2d/specimen_5/Specimen_5_1891.tif,tif,4,20000,20000,,,https://brainportal.humanbrain.in/code/2dviewer/annotation/public?data=4&region=-1&section=1891&type=hd
1894,data2d/specimen_5/Specimen_5_1894.tif,tif,4,20000,20000,,,https://brainportal.humanbrain.in/code/2dviewer/annotation/public?data=4&region=-1&section=1894&type=hd
1906,data2d/specimen_5/Specimen_5_1906.tif,tif,1,80000,80000,https://dharani-fetal-brain-atlas.s3.us-west-2.amazonaws.com/data2d/specimen_5/Specimen_5_1906.json,geojson,https://brainportal.humanbrain.in/code/2dviewer/annotation/public?data=4&region=-1&section=1906
1909,data2d/specimen_5/Specimen_5_1909.tif,tif,4,20000,20000,,,https://brainportal.humanbrain.in/code/2dviewer/annotation/public?data=4&region=-1&section=1909&type=hd
1918,data2d/specimen_5/Specimen_5_1918.tif,tif,4,20000,20000,,,https://brainportal.humanbrain.in/code/2dviewer/annotation/public?data=4&region=-1&section=1918&type=hd
1921,data2d/specimen_5/Specimen_5_1921.tif,tif,1,80000,80000,https://dharani-fetal-brain-atlas.s3.us-west-2.amazonaws.com/data2d/specimen_5/Specimen_5_1921.json,geojson,https://brainportal.humanbrain.in/code/2dviewer/annotation/public?data=4&region=-1&section=1921
1924,data2d/specimen_5/Specimen_5_1924.tif,tif,4,20000,20000,,,https://brainportal.humanbrain.in/code/2dviewer/annotation/public?data=4&region=-1&section=1924&type=hd
1927,data2d/specimen_5/Specimen_5_1927.tif,tif,4,20000,20000,,,https://brainportal.humanbrain.in/code/2dviewer/annotation/public?data=4&region=-1&section=1927&type=hd
1930,data2d/specimen_5/Specimen_5_1930.tif,tif,1,80000,80000,https://dharani-fetal-brain-atlas.s3.us-west-2.amazonaws.com/data2d/specimen_5/Specimen_5_1930.json,geojson,https://brainportal.humanbrain.in/code/2dviewer/annotation/public?data=4&region=-1&section=1930
1933,data2d/specimen_5/Specimen_5_1933.tif,tif,4,20000,20000,,,https://brainportal.humanbrain.in/code/2dviewer/annotation/public?data=4&region=-1&section=1933&type=hd
1936,data2d/specimen_5/Specimen_5_1936.tif,tif,4,20000,20000,,,https://brainportal.humanbrain.in/code/2dviewer/annotation/public?data=4&region=-1&section=1936&type=hd
1942,data2d/specimen_5/Specimen_5_1942.tif,tif,1,80000,80000,https://dharani-fetal-brain-atlas.s3.us-west-2.amazonaws.com/data2d/specimen_5/Specimen_5_1942.json,geojson,https://brainportal.humanbrain.in/code/2dviewer/annotation/public?data=4&region=-1&section=1942
1945,data2d/specimen_5/Specimen_5_1945.tif,tif,4,20000,20000,,,https://brainportal.humanbrain.in/code/2dviewer/annotation/public?data=4&region=-1&section=1945&type=hd
1948,data2d/specimen_5/Specimen_5_1948.tif,tif,4,20000,20000,,,https://brainportal.humanbrain.in/code/2dviewer/annotation/public?data=4&region=-1&section=1948&type=hd
1951,data2d/specimen_5/Specimen_5_1951.tif,tif,4,20000,20000,,,https://brainportal.humanbrain.in/code/2dviewer/annotation/public?data=4&region=-1&section=1951&type=hd
1954,data2d/specimen_5/Specimen_5_1954.tif,tif,4,20000,20000,,,https://brainportal.humanbrain.in/code/2dviewer/annotation/public?data=4&region=-1&section=1954&type=hd
1957,data2d/specimen_5/Specimen_5_1957.tif,tif,4,20000,20000,,,https://brainportal.humanbrain.in/code/2dviewer/annotation/public?data=4&region=-1&section=1957&type=hd
1960,data2d/specimen_5/Specimen_5_1960.tif,tif,4,20000,20000,,,https://brainportal.humanbrain.in/code/2dviewer/annotation/public?data=4&region=-1&section=1960&type=hd
1963,data2d/specimen_5/Specimen_5_1963.tif,tif,1,80000,80000,https://dharani-fetal-brain-atlas.s3.us-west-2.amazonaws.com/data2d/specimen_5/Specimen_5_1963.json,geojson,https://brainportal.humanbrain.in/code/2dviewer/annotation/public?data=4&region=-1&section=1963
1966,data2d/specimen_5/Specimen_5_1966.tif,tif,4,20000,20000,,,https://brainportal.humanbrain.in/code/2dviewer/annotation/public?data=4&region=-1&section=1966&type=hd
1969,data2d/specimen_5/Specimen_5_1969.tif,tif,4,20000,20000,,,https://brainportal.humanbrain.in/code/2dviewer/annotation/public?data=4&region=-1&section=1969&type=hd
1972,data2d/specimen_5/Specimen_5_1972.tif,tif,4,20000,20000,,,https://brainportal.humanbrain.in/code/2dviewer/annotation/public?data=4&region=-1&section=1972&type=hd
1975,data2d/specimen_5/Specimen_5_1975.tif,tif,4,20000,20000,,,https://brainportal.humanbrain.in/code/2dviewer/annotation/public?data=4&region=-1&section=1975&type=hd
1978,data2d/specimen_5/Specimen_5_1978.tif,tif,1,80000,80000,https://dharani-fetal-brain-atlas.s3.us-west-2.amazonaws.com/data2d/specimen_5/Specimen_5_1978.json,geojson,https://brainportal.humanbrain.in/code/2dviewer/annotation/public?data=4&region=-1&section=1978
1981,data2d/specimen_5/Specimen_5_1981.tif,tif,4,20000,20000,,,https://brainportal.humanbrain.in/code/2dviewer/annotation/public?data=4&region=-1&section=1981&type=hd
1984,data2d/specimen_5/Specimen_5_1984.tif,tif,1,80000,80000,https://dharani-fetal-brain-atlas.s3.us-west-2.amazonaws.com/data2d/specimen_5/Specimen_5_1984.json,geojson,https://brainportal.humanbrain.in/code/2dviewer/annotation/public?data=4&region=-1&section=1984
1987,data2d/specimen_5/Specimen_5_1987.tif,tif,4,20000,20000,,,https://brainportal.humanbrain.in/code/2dviewer/annotation/public?data=4&region=-1&section=1987&type=hd
1990,data2d/specimen_5/Specimen_5_1990.tif,tif,4,20000,20000,,,https://brainportal.humanbrain.in/code/2dviewer/annotation/public?data=4&region=-1&section=1990&type=hd
1993,data2d/specimen_5/Specimen_5_1993.tif,tif,4,20000,20000,,,https://brainportal.humanbrain.in/code/2dviewer/annotation/public?data=4&region=-1&section=1993&type=hd
1999,data2d/specimen_5/Specimen_5_1999.tif,tif,4,20000,20000,,,https://brainportal.humanbrain.in/code/2dviewer/annotation/public?data=4&region=-1&section=1999&type=hd
2002,data2d/specimen_5/Specimen_5_2002.tif,tif,4,20000,20000,,,https://brainportal.humanbrain.in/code/2dviewer/annotation/public?data=4&region=-1&section=2002&type=hd
2005,data2d/specimen_5/Specimen_5_2005.tif,tif,1,80000,80000,https://dharani-fetal-brain-atlas.s3.us-west-2.amazonaws.com/data2d/specimen_5/Specimen_5_2005.json,geojson,https://brainportal.humanbrain.in/code/2dviewer/annotation/public?data=4&region=-1&section=2005
2008,data2d/specimen_5/Specimen_5_2008.tif,tif,4,20000,20000,,,https://brainportal.humanbrain.in/code/2dviewer/annotation/public?data=4&region=-1&section=2008&type=hd
2011,data2d/specimen_5/Specimen_5_2011.tif,tif,4,20000,20000,,,https://brainportal.humanbrain.in/code/2dviewer/annotation/public?data=4&region=-1&section=2011&type=hd
2023,data2d/specimen_5/Specimen_5_2023.tif,tif,4,20000,20000,,,https://brainportal.humanbrain.in/code/2dviewer/annotation/public?data=4&region=-1&section=2023&type=hd
2026,data2d/specimen_5/Specimen_5_2026.tif,tif,4,20000,20000,,,https://brainportal.humanbrain.in/code/2dviewer/annotation/public?data=4&region=-1&section=2026&type=hd
2029,data2d/specimen_5/Specimen_5_2029.tif,tif,4,20000,20000,,,https://brainportal.humanbrain.in/code/2dviewer/annotation/public?data=4&region=-1&section=2029&type=hd
2032,data2d/specimen_5/Specimen_5_2032.tif,tif,4,20000,20000,,,https://brainportal.humanbrain.in/code/2dviewer/annotation/public?data=4&region=-1&section=2032&type=hd
2035,data2d/specimen_5/Specimen_5_2035.tif,tif,4,20000,20000,,,https://brainportal.humanbrain.in/code/2dviewer/annotation/public?data=4&region=-1&section=2035&type=hd
2038,data2d/specimen_5/Specimen_5_2038.tif,tif,4,20000,20000,,,https://brainportal.humanbrain.in/code/2dviewer/annotation/public?data=4&region=-1&section=2038&type=hd
2041,data2d/specimen_5/Specimen_5_2041.tif,tif,4,20000,20000,,,https://brainportal.humanbrain.in/code/2dviewer/annotation/public?data=4&region=-1&section=2041&type=hd
2044,data2d/specimen_5/Specimen_5_2044.tif,tif,4,20000,20000,,,https://brainportal.humanbrain.in/code/2dviewer/annotation/public?data=4&region=-1&section=2044&type=hd
2047,data2d/specimen_5/Specimen_5_2047.tif,tif,1,80000,80000,https://dharani-fetal-brain-atlas.s3.us-west-2.amazonaws.com/data2d/specimen_5/Specimen_5_2047.json,geojson,https://brainportal.humanbrain.in/code/2dviewer/annotation/public?data=4&region=-1&section=2047
2050,data2d/specimen_5/Specimen_5_2050.tif,tif,4,20000,20000,,,https://brainportal.humanbrain.in/code/2dviewer/annotation/public?data=4&region=-1&section=2050&type=hd
2053,data2d/specimen_5/Specimen_5_2053.tif,tif,4,20000,20000,,,https://brainportal.humanbrain.in/code/2dviewer/annotation/public?data=4&region=-1&section=2053&type=hd
2056,data2d/specimen_5/Specimen_5_2056.tif,tif,4,20000,20000,,,https://brainportal.humanbrain.in/code/2dviewer/annotation/public?data=4&region=-1&section=2056&type=hd
2059,data2d/specimen_5/Specimen_5_2059.tif,tif,4,20000,20000,,,https://brainportal.humanbrain.in/code/2dviewer/annotation/public?data=4&region=-1&section=2059&type=hd
2062,data2d/specimen_5/Specimen_5_2062.tif,tif,4,20000,20000,,,https://brainportal.humanbrain.in/code/2dviewer/annotation/public?data=4&region=-1&section=2062&type=hd
2065,data2d/specimen_5/Specimen_5_2065.tif,tif,1,80000,80000,https://dharani-fetal-brain-atlas.s3.us-west-2.amazonaws.com/data2d/specimen_5/Specimen_5_2065.json,geojson,https://brainportal.humanbrain.in/code/2dviewer/annotation/public?data=4&region=-1&section=2065
2068,data2d/specimen_5/Specimen_5_2068.tif,tif,4,20000,20000,,,https://brainportal.humanbrain.in/code/2dviewer/annotation/public?data=4&region=-1&section=2068&type=hd
2071,data2d/specimen_5/Specimen_5_2071.tif,tif,4,20000,20000,,,https://brainportal.humanbrain.in/code/2dviewer/annotation/public?data=4&region=-1&section=2071&type=hd
2074,data2d/specimen_5/Specimen_5_2074.tif,tif,4,20000,20000,,,https://brainportal.humanbrain.in/code/2dviewer/annotation/public?data=4&region=-1&section=2074&type=hd
2077,data2d/specimen_5/Specimen_5_2077.tif,tif,4,20000,20000,,,https://brainportal.humanbrain.in/code/2dviewer/annotation/public?data=4&region=-1&section=2077&type=hd
2080,data2d/specimen_5/Specimen_5_2080.tif,tif,4,20000,20000,,,https://brainportal.humanbrain.in/code/2dviewer/annotation/public?data=4&region=-1&section=2080&type=hd
2083,data2d/specimen_5/Specimen_5_2083.tif,tif,4,20000,20000,,,https://brainportal.humanbrain.in/code/2dviewer/annotation/public?data=4&region=-1&section=2083&type=hd
2086,data2d/specimen_5/Specimen_5_2086.tif,tif,4,20000,20000,,,https://brainportal.humanbrain.in/code/2dviewer/annotation/public?data=4&region=-1&section=2086&type=hd
2089,data2d/specimen_5/Specimen_5_2089.tif,tif,4,20000,20000,,,https://brainportal.humanbrain.in/code/2dviewer/annotation/public?data=4&region=-1&section=2089&type=hd
2095,data2d/specimen_5/Specimen_5_2095.tif,tif,1,80000,80000,https://dharani-fetal-brain-atlas.s3.us-west-2.amazonaws.com/data2d/specimen_5/Specimen_5_2095.json,geojson,https://brainportal.humanbrain.in/code/2dviewer/annotation/public?data=4&region=-1&section=2095
2098,data2d/specimen_5/Specimen_5_2098.tif,tif,4,20000,20000,,,https://brainportal.humanbrain.in/code/2dviewer/annotation/public?data=4&region=-1&section=2098&type=hd
2104,data2d/specimen_5/Specimen_5_2104.tif,tif,4,20000,20000,,,https://brainportal.humanbrain.in/code/2dviewer/annotation/public?data=4&region=-1&section=2104&type=hd
2107,data2d/specimen_5/Specimen_5_2107.tif,tif,4,20000,20000,,,https://brainportal.humanbrain.in/code/2dviewer/annotation/public?data=4&region=-1&section=2107&type=hd
2110,data2d/specimen_5/Specimen_5_2110.tif,tif,4,20000,20000,,,https://brainportal.humanbrain.in/code/2dviewer/annotation/public?data=4&region=-1&section=2110&type=hd
2113,data2d/specimen_5/Specimen_5_2113.tif,tif,4,20000,20000,,,https://brainportal.humanbrain.in/code/2dviewer/annotation/public?data=4&region=-1&section=2113&type=hd
2119,data2d/specimen_5/Specimen_5_2119.tif,tif,4,20000,20000,,,https://brainportal.humanbrain.in/code/2dviewer/annotation/public?data=4&region=-1&section=2119&type=hd
2122,data2d/specimen_5/Specimen_5_2122.tif,tif,4,20000,20000,,,https://brainportal.humanbrain.in/code/2dviewer/annotation/public?data=4&region=-1&section=2122&type=hd
2125,data2d/specimen_5/Specimen_5_2125.tif,tif,4,20000,20000,,,https://brainportal.humanbrain.in/code/2dviewer/annotation/public?data=4&region=-1&section=2125&type=hd
2131,data2d/specimen_5/Specimen_5_2131.tif,tif,1,80000,80000,https://dharani-fetal-brain-atlas.s3.us-west-2.amazonaws.com/data2d/specimen_5/Specimen_5_2131.json,geojson,https://brainportal.humanbrain.in/code/2dviewer/annotation/public?data=4&region=-1&section=2131
2137,data2d/specimen_5/Specimen_5_2137.tif,tif,4,20000,20000,,,https://brainportal.humanbrain.in/code/2dviewer/annotation/public?data=4&region=-1&section=2137&type=hd
2143,data2d/specimen_5/Specimen_5_2143.tif,tif,4,20000,20000,,,https://brainportal.humanbrain.in/code/2dviewer/annotation/public?data=4&region=-1&section=2143&type=hd
2152,data2d/specimen_5/Specimen_5_2152.tif,tif,4,20000,20000,,,https://brainportal.humanbrain.in/code/2dviewer/annotation/public?data=4&region=-1&section=2152&type=hd
2158,data2d/specimen_5/Specimen_5_2158.tif,tif,4,20000,20000,,,https://brainportal.humanbrain.in/code/2dviewer/annotation/public?data=4&region=-1&section=2158&type=hd
2167,data2d/specimen_5/Specimen_5_2167.tif,tif,4,20000,20000,,,https://brainportal.humanbrain.in/code/2dviewer/annotation/public?data=4&region=-1&section=2167&type=hd
2170,data2d/specimen_5/Specimen_5_2170.tif,tif,1,80000,80000,https://dharani-fetal-brain-atlas.s3.us-west-2.amazonaws.com/data2d/specimen_5/Specimen_5_2170.json,geojson,https://brainportal.humanbrain.in/code/2dviewer/annotation/public?data=4&region=-1&section=2170
2173,data2d/specimen_5/Specimen_5_2173.tif,tif,4,20000,20000,,,https://brainportal.humanbrain.in/code/2dviewer/annotation/public?data=4&region=-1&section=2173&type=hd
2176,data2d/specimen_5/Specimen_5_2176.tif,tif,4,20000,20000,,,https://brainportal.humanbrain.in/code/2dviewer/annotation/public?data=4&region=-1&section=2176&type=hd
2179,data2d/specimen_5/Specimen_5_2179.tif,tif,4,20000,20000,,,https://brainportal.humanbrain.in/code/2dviewer/annotation/public?data=4&region=-1&section=2179&type=hd
2182,data2d/specimen_5/Specimen_5_2182.tif,tif,4,20000,20000,,,https://brainportal.humanbrain.in/code/2dviewer/annotation/public?data=4&region=-1&section=2182&type=hd
2185,data2d/specimen_5/Specimen_5_2185.tif,tif,4,20000,20000,,,https://brainportal.humanbrain.in/code/2dviewer/annotation/public?data=4&region=-1&section=2185&type=hd
2188,data2d/specimen_5/Specimen_5_2188.tif,tif,4,20000,20000,,,https://brainportal.humanbrain.in/code/2dviewer/annotation/public?data=4&region=-1&section=2188&type=hd
2191,data2d/specimen_5/Specimen_5_2191.tif,tif,4,20000,20000,,,https://brainportal.humanbrain.in/code/2dviewer/annotation/public?data=4&region=-1&section=2191&type=hd
2194,data2d/specimen_5/Specimen_5_2194.tif,tif,1,80000,80000,https://dharani-fetal-brain-atlas.s3.us-west-2.amazonaws.com/data2d/specimen_5/Specimen_5_2194.json,geojson,https://brainportal.humanbrain.in/code/2dviewer/annotation/public?data=4&region=-1&section=2194
2197,data2d/specimen_5/Specimen_5_2197.tif,tif,4,20000,20000,,,https://brainportal.humanbrain.in/code/2dviewer/annotation/public?data=4&region=-1&section=2197&type=hd
2200,data2d/specimen_5/Specimen_5_2200.tif,tif,4,20000,20000,,,https://brainportal.humanbrain.in/code/2dviewer/annotation/public?data=4&region=-1&section=2200&type=hd
2203,data2d/specimen_5/Specimen_5_2203.tif,tif,1,80000,80000,https://dharani-fetal-brain-atlas.s3.us-west-2.amazonaws.com/data2d/specimen_5/Specimen_5_2203.json,geojson,https://brainportal.humanbrain.in/code/2dviewer/annotation/public?data=4&region=-1&section=2203
2206,data2d/specimen_5/Specimen_5_2206.tif,tif,4,20000,20000,,,https://brainportal.humanbrain.in/code/2dviewer/annotation/public?data=4&region=-1&section=2206&type=hd
2209,data2d/specimen_5/Specimen_5_2209.tif,tif,4,20000,20000,,,https://brainportal.humanbrain.in/code/2dviewer/annotation/public?data=4&region=-1&section=2209&type=hd
2218,data2d/specimen_5/Specimen_5_2218.tif,tif,4,20000,20000,,,https://brainportal.humanbrain.in/code/2dviewer/annotation/public?data=4&region=-1&section=2218&type=hd
2224,data2d/specimen_5/Specimen_5_2224.tif,tif,4,20000,20000,,,https://brainportal.humanbrain.in/code/2dviewer/annotation/public?data=4&region=-1&section=2224&type=hd
2227,data2d/specimen_5/Specimen_5_2227.tif,tif,4,20000,20000,,,https://brainportal.humanbrain.in/code/2dviewer/annotation/public?data=4&region=-1&section=2227&type=hd
2233,data2d/specimen_5/Specimen_5_2233.tif,tif,4,20000,20000,,,https://brainportal.humanbrain.in/code/2dviewer/annotation/public?data=4&region=-1&section=2233&type=hd
2239,data2d/specimen_5/Specimen_5_2239.tif,tif,4,20000,20000,,,https://brainportal.humanbrain.in/code/2dviewer/annotation/public?data=4&region=-1&section=2239&type=hd
2248,data2d/specimen_5/Specimen_5_2248.tif,tif,1,80000,80000,https://dharani-fetal-brain-atlas.s3.us-west-2.amazonaws.com/data2d/specimen_5/Specimen_5_2248.json,geojson,https://brainportal.humanbrain.in/code/2dviewer/annotation/public?data=4&region=-1&section=2248
2251,data2d/specimen_5/Specimen_5_2251.tif,tif,4,20000,20000,,,https://brainportal.humanbrain.in/code/2dviewer/annotation/public?data=4&region=-1&section=2251&type=hd
2254,data2d/specimen_5/Specimen_5_2254.tif,tif,4,20000,20000,,,https://brainportal.humanbrain.in/code/2dviewer/annotation/public?data=4&region=-1&section=2254&type=hd
2266,data2d/specimen_5/Specimen_5_2266.tif,tif,4,20000,20000,,,https://brainportal.humanbrain.in/code/2dviewer/annotation/public?data=4&region=-1&section=2266&type=hd
2269,data2d/specimen_5/Specimen_5_2269.tif,tif,4,20000,20000,,,https://brainportal.humanbrain.in/code/2dviewer/annotation/public?data=4&region=-1&section=2269&type=hd
2272,data2d/specimen_5/Specimen_5_2272.tif,tif,4,20000,20000,,,https://brainportal.humanbrain.in/code/2dviewer/annotation/public?data=4&region=-1&section=2272&type=hd
2275,data2d/specimen_5/Specimen_5_2275.tif,tif,4,20000,20000,,,https://brainportal.humanbrain.in/code/2dviewer/annotation/public?data=4&region=-1&section=2275&type=hd
2278,data2d/specimen_5/Specimen_5_2278.tif,tif,4,20000,20000,,,https://brainportal.humanbrain.in/code/2dviewer/annotation/public?data=4&region=-1&section=2278&type=hd
2287,data2d/specimen_5/Specimen_5_2287.tif,tif,1,80000,80000,https://dharani-fetal-brain-atlas.s3.us-west-2.amazonaws.com/data2d/specimen_5/Specimen_5_2287.json,geojson,https://brainportal.humanbrain.in/code/2dviewer/annotation/public?data=4&region=-1&section=2287
2290,data2d/specimen_5/Specimen_5_2290.tif,tif,4,20000,20000,,,https://brainportal.humanbrain.in/code/2dviewer/annotation/public?data=4&region=-1&section=2290&type=hd
2293,data2d/specimen_5/Specimen_5_2293.tif,tif,4,20000,20000,,,https://brainportal.humanbrain.in/code/2dviewer/annotation/public?data=4&region=-1&section=2293&type=hd
2305,data2d/specimen_5/Specimen_5_2305.tif,tif,4,20000,20000,,,https://brainportal.humanbrain.in/code/2dviewer/annotation/public?data=4&region=-1&section=2305&type=hd
2308,data2d/specimen_5/Specimen_5_2308.tif,tif,4,20000,20000,,,https://brainportal.humanbrain.in/code/2dviewer/annotation/public?data=4&region=-1&section=2308&type=hd
2311,data2d/specimen_5/Specimen_5_2311.tif,tif,1,80000,80000,https://dharani-fetal-brain-atlas.s3.us-west-2.amazonaws.com/data2d/specimen_5/Specimen_5_2311.json,geojson,https://brainportal.humanbrain.in/code/2dviewer/annotation/public?data=4&region=-1&section=2311
2314,data2d/specimen_5/Specimen_5_2314.tif,tif,4,20000,20000,,,https://brainportal.humanbrain.in/code/2dviewer/annotation/public?data=4&region=-1&section=2314&type=hd
2317,data2d/specimen_5/Specimen_5_2317.tif,tif,4,20000,20000,,,https://brainportal.humanbrain.in/code/2dviewer/annotation/public?data=4&region=-1&section=2317&type=hd
2320,data2d/specimen_5/Specimen_5_2320.tif,tif,4,20000,20000,,,https://brainportal.humanbrain.in/code/2dviewer/annotation/public?data=4&region=-1&section=2320&type=hd
2323,data2d/specimen_5/Specimen_5_2323.tif,tif,4,20000,20000,,,https://brainportal.humanbrain.in/code/2dviewer/annotation/public?data=4&region=-1&section=2323&type=hd
2326,data2d/specimen_5/Specimen_5_2326.tif,tif,4,20000,20000,,,https://brainportal.humanbrain.in/code/2dviewer/annotation/public?data=4&region=-1&section=2326&type=hd
2329,data2d/specimen_5/Specimen_5_2329.tif,tif,4,20000,20000,,,https://brainportal.humanbrain.in/code/2dviewer/annotation/public?data=4&region=-1&section=2329&type=hd
2332,data2d/specimen_5/Specimen_5_2332.tif,tif,4,20000,20000,,,https://brainportal.humanbrain.in/code/2dviewer/annotation/public?data=4&region=-1&section=2332&type=hd
2335,data2d/specimen_5/Specimen_5_2335.tif,tif,4,20000,20000,,,https://brainportal.humanbrain.in/code/2dviewer/annotation/public?data=4&region=-1&section=2335&type=hd
2338,data2d/specimen_5/Specimen_5_2338.tif,tif,4,20000,20000,,,https://brainportal.humanbrain.in/code/2dviewer/annotation/public?data=4&region=-1&section=2338&type=hd
2350,data2d/specimen_5/Specimen_5_2350.tif,tif,4,20000,20000,,,https://brainportal.humanbrain.in/code/2dviewer/annotation/public?data=4&region=-1&section=2350&type=hd
2353,data2d/specimen_5/Specimen_5_2353.tif,tif,4,20000,20000,,,https://brainportal.humanbrain.in/code/2dviewer/annotation/public?data=4&region=-1&section=2353&type=hd
2356,data2d/specimen_5/Specimen_5_2356.tif,tif,4,20000,20000,,,https://brainportal.humanbrain.in/code/2dviewer/annotation/public?data=4&region=-1&section=2356&type=hd
2359,data2d/specimen_5/Specimen_5_2359.tif,tif,4,20000,20000,,,https://brainportal.humanbrain.in/code/2dviewer/annotation/public?data=4&region=-1&section=2359&type=hd
2365,data2d/specimen_5/Specimen_5_2365.tif,tif,4,20000,20000,,,https://brainportal.humanbrain.in/code/2dviewer/annotation/public?data=4&region=-1&section=2365&type=hd
2371,data2d/specimen_5/Specimen_5_2371.tif,tif,4,20000,20000,,,https://brainportal.humanbrain.in/code/2dviewer/annotation/public?data=4&region=-1&section=2371&type=hd
2374,data2d/specimen_5/Specimen_5_2374.tif,tif,4,20000,20000,,,https://brainportal.humanbrain.in/code/2dviewer/annotation/public?data=4&region=-1&section=2374&type=hd
2377,data2d/specimen_5/Specimen_5_2377.tif,tif,4,20000,20000,,,https://brainportal.humanbrain.in/code/2dviewer/annotation/public?data=4&region=-1&section=2377&type=hd
2380,data2d/specimen_5/Specimen_5_2380.tif,tif,4,20000,20000,,,https://brainportal.humanbrain.in/code/2dviewer/annotation/public?data=4&region=-1&section=2380&type=hd
2383,data2d/specimen_5/Specimen_5_2383.tif,tif,4,20000,20000,,,https://brainportal.humanbrain.in/code/2dviewer/annotation/public?data=4&region=-1&section=2383&type=hd
2386,data2d/specimen_5/Specimen_5_2386.tif,tif,4,20000,20000,,,https://brainportal.humanbrain.in/code/2dviewer/annotation/public?data=4&region=-1&section=2386&type=hd
2389,data2d/specimen_5/Specimen_5_2389.tif,tif,4,20000,20000,,,https://brainportal.humanbrain.in/code/2dviewer/annotation/public?data=4&region=-1&section=2389&type=hd
2392,data2d/specimen_5/Specimen_5_2392.tif,tif,4,20000,20000,,,https://brainportal.humanbrain.in/code/2dviewer/annotation/public?data=4&region=-1&section=2392&type=hd
2395,data2d/specimen_5/Specimen_5_2395.tif,tif,1,80000,80000,https://dharani-fetal-brain-atlas.s3.us-west-2.amazonaws.com/data2d/specimen_5/Specimen_5_2395.json,geojson,https://brainportal.humanbrain.in/code/2dviewer/annotation/public?data=4&region=-1&section=2395
2398,data2d/specimen_5/Specimen_5_2398.tif,tif,4,20000,20000,,,https://brainportal.humanbrain.in/code/2dviewer/annotation/public?data=4&region=-1&section=2398&type=hd
2401,data2d/specimen_5/Specimen_5_2401.tif,tif,4,20000,20000,,,https://brainportal.humanbrain.in/code/2dviewer/annotation/public?data=4&region=-1&section=2401&type=hd
2410,data2d/specimen_5/Specimen_5_2410.tif,tif,4,20000,20000,,,https://brainportal.humanbrain.in/code/2dviewer/annotation/public?data=4&region=-1&section=2410&type=hd
2416,data2d/specimen_5/Specimen_5_2416.tif,tif,4,20000,20000,,,https://brainportal.humanbrain.in/code/2dviewer/annotation/public?data=4&region=-1&section=2416&type=hd
2431,data2d/specimen_5/Specimen_5_2431.tif,tif,4,20000,20000,,,https://brainportal.humanbrain.in/code/2dviewer/annotation/public?data=4&region=-1&section=2431&type=hd
2434,data2d/specimen_5/Specimen_5_2434.tif,tif,4,20000,20000,,,https://brainportal.humanbrain.in/code/2dviewer/annotation/public?data=4&region=-1&section=2434&type=hd
2440,data2d/specimen_5/Specimen_5_2440.tif,tif,4,20000,20000,,,https://brainportal.humanbrain.in/code/2dviewer/annotation/public?data=4&region=-1&section=2440&type=hd
2443,data2d/specimen_5/Specimen_5_2443.tif,tif,4,20000,20000,,,https://brainportal.humanbrain.in/code/2dviewer/annotation/public?data=4&region=-1&section=2443&type=hd
2461,data2d/specimen_5/Specimen_5_2461.tif,tif,4,20000,20000,,,https://brainportal.humanbrain.in/code/2dviewer/annotation/public?data=4&region=-1&section=2461&type=hd
2464,data2d/specimen_5/Specimen_5_2464.tif,tif,4,20000,20000,,,https://brainportal.humanbrain.in/code/2dviewer/annotation/public?data=4&region=-1&section=2464&type=hd
2467,data2d/specimen_5/Specimen_5_2467.tif,tif,4,20000,20000,,,https://brainportal.humanbrain.in/code/2dviewer/annotation/public?data=4&region=-1&section=2467&type=hd
2470,data2d/specimen_5/Specimen_5_2470.tif,tif,1,80000,80000,https://dharani-fetal-brain-atlas.s3.us-west-2.amazonaws.com/data2d/specimen_5/Specimen_5_2470.json,geojson,https://brainportal.humanbrain.in/code/2dviewer/annotation/public?data=4&region=-1&section=2470
2473,data2d/specimen_5/Specimen_5_2473.tif,tif,4,20000,20000,,,https://brainportal.humanbrain.in/code/2dviewer/annotation/public?data=4&region=-1&section=2473&type=hd
2488,data2d/specimen_5/Specimen_5_2488.tif,tif,4,20000,20000,,,https://brainportal.humanbrain.in/code/2dviewer/annotation/public?data=4&region=-1&section=2488&type=hd
2497,data2d/specimen_5/Specimen_5_2497.tif,tif,4,20000,20000,,,https://brainportal.humanbrain.in/code/2dviewer/annotation/public?data=4&region=-1&section=2497&type=hd
2500,data2d/specimen_5/Specimen_5_2500.tif,tif,4,20000,20000,,,https://brainportal.humanbrain.in/code/2dviewer/annotation/public?data=4&region=-1&section=2500&type=hd
2509,data2d/specimen_5/Specimen_5_2509.tif,tif,4,20000,20000,,,https://brainportal.humanbrain.in/code/2dviewer/annotation/public?data=4&region=-1&section=2509&type=hd
2512,data2d/specimen_5/Specimen_5_2512.tif,tif,4,20000,20000,,,https://brainportal.humanbrain.in/code/2dviewer/annotation/public?data=4&region=-1&section=2512&type=hd
2533,data2d/specimen_5/Specimen_5_2533.tif,tif,4,20000,20000,,,https://brainportal.humanbrain.in/code/2dviewer/annotation/public?data=4&region=-1&section=2533&type=hd
2536,data2d/specimen_5/Specimen_5_2536.tif,tif,4,20000,20000,,,https://brainportal.humanbrain.in/code/2dviewer/annotation/public?data=4&region=-1&section=2536&type=hd
2539,data2d/specimen_5/Specimen_5_2539.tif,tif,4,20000,20000,,,https://brainportal.humanbrain.in/code/2dviewer/annotation/public?data=4&region=-1&section=2539&type=hd
2542,data2d/specimen_5/Specimen_5_2542.tif,tif,1,80000,80000,https://dharani-fetal-brain-atlas.s3.us-west-2.amazonaws.com/data2d/specimen_5/Specimen_5_2542.json,geojson,https://brainportal.humanbrain.in/code/2dviewer/annotation/public?data=4&region=-1&section=2542
2545,data2d/specimen_5/Specimen_5_2545.tif,tif,4,20000,20000,,,https://brainportal.humanbrain.in/code/2dviewer/annotation/public?data=4&region=-1&section=2545&type=hd
2548,data2d/specimen_5/Specimen_5_2548.tif,tif,4,20000,20000,,,https://brainportal.humanbrain.in/code/2dviewer/annotation/public?data=4&region=-1&section=2548&type=hd
2551,data2d/specimen_5/Specimen_5_2551.tif,tif,4,20000,20000,,,https://brainportal.humanbrain.in/code/2dviewer/annotation/public?data=4&region=-1&section=2551&type=hd
2557,data2d/specimen_5/Specimen_5_2557.tif,tif,4,20000,20000,,,https://brainportal.humanbrain.in/code/2dviewer/annotation/public?data=4&region=-1&section=2557&type=hd
2560,data2d/specimen_5/Specimen_5_2560.tif,tif,4,20000,20000,,,https://brainportal.humanbrain.in/code/2dviewer/annotation/public?data=4&region=-1&section=2560&type=hd
2569,data2d/specimen_5/Specimen_5_2569.tif,tif,4,20000,20000,,,https://brainportal.humanbrain.in/code/2dviewer/annotation/public?data=4&region=-1&section=2569&type=hd
2575,data2d/specimen_5/Specimen_5_2575.tif,tif,4,20000,20000,,,https://brainportal.humanbrain.in/code/2dviewer/annotation/public?data=4&region=-1&section=2575&type=hd
2578,data2d/specimen_5/Specimen_5_2578.tif,tif,4,20000,20000,,,https://brainportal.humanbrain.in/code/2dviewer/annotation/public?data=4&region=-1&section=2578&type=hd
2581,data2d/specimen_5/Specimen_5_2581.tif,tif,4,20000,20000,,,https://brainportal.humanbrain.in/code/2dviewer/annotation/public?data=4&region=-1&section=2581&type=hd
2584,data2d/specimen_5/Specimen_5_2584.tif,tif,4,20000,20000,,,https://brainportal.humanbrain.in/code/2dviewer/annotation/public?data=4&region=-1&section=2584&type=hd
2587,data2d/specimen_5/Specimen_5_2587.tif,tif,4,20000,20000,,,https://brainportal.humanbrain.in/code/2dviewer/annotation/public?data=4&region=-1&section=2587&type=hd
2590,data2d/specimen_5/Specimen_5_2590.tif,tif,4,20000,20000,,,https://brainportal.humanbrain.in/code/2dviewer/annotation/public?data=4&region=-1&section=2590&type=hd
2596,data2d/specimen_5/Specimen_5_2596.tif,tif,4,20000,20000,,,https://brainportal.humanbrain.in/code/2dviewer/annotation/public?data=4&region=-1&section=2596&type=hd
2599,data2d/specimen_5/Specimen_5_2599.tif,tif,1,80000,80000,https://dharani-fetal-brain-atlas.s3.us-west-2.amazonaws.com/data2d/specimen_5/Specimen_5_2599.json,geojson,https://brainportal.humanbrain.in/code/2dviewer/annotation/public?data=4&region=-1&section=2599
2605,data2d/specimen_5/Specimen_5_2605.tif,tif,4,20000,20000,,,https://brainportal.humanbrain.in/code/2dviewer/annotation/public?data=4&region=-1&section=2605&type=hd
2608,data2d/specimen_5/Specimen_5_2608.tif,tif,4,20000,20000,,,https://brainportal.humanbrain.in/code/2dviewer/annotation/public?data=4&region=-1&section=2608&type=hd
2611,data2d/specimen_5/Specimen_5_2611.tif,tif,4,20000,20000,,,https://brainportal.humanbrain.in/code/2dviewer/annotation/public?data=4&region=-1&section=2611&type=hd
2614,data2d/specimen_5/Specimen_5_2614.tif,tif,4,20000,20000,,,https://brainportal.humanbrain.in/code/2dviewer/annotation/public?data=4&region=-1&section=2614&type=hd
2617,data2d/specimen_5/Specimen_5_2617.tif,tif,4,20000,20000,,,https://brainportal.humanbrain.in/code/2dviewer/annotation/public?data=4&region=-1&section=2617&type=hd
2620,data2d/specimen_5/Specimen_5_2620.tif,tif,4,20000,20000,,,https://brainportal.humanbrain.in/code/2dviewer/annotation/public?data=4&region=-1&section=2620&type=hd
2623,data2d/specimen_5/Specimen_5_2623.tif,tif,4,20000,20000,,,https://brainportal.humanbrain.in/code/2dviewer/annotation/public?data=4&region=-1&section=2623&type=hd
2626,data2d/specimen_5/Specimen_5_2626.tif,tif,4,20000,20000,,,https://brainportal.humanbrain.in/code/2dviewer/annotation/public?data=4&region=-1&section=2626&type=hd
2629,data2d/specimen_5/Specimen_5_2629.tif,tif,1,80000,80000,https://dharani-fetal-brain-atlas.s3.us-west-2.amazonaws.com/data2d/specimen_5/Specimen_5_2629.json,geojson,https://brainportal.humanbrain.in/code/2dviewer/annotation/public?data=4&region=-1&section=2629
2632,data2d/specimen_5/Specimen_5_2632.tif,tif,4,20000,20000,,,https://brainportal.humanbrain.in/code/2dviewer/annotation/public?data=4&region=-1&section=2632&type=hd
2635,data2d/specimen_5/Specimen_5_2635.tif,tif,4,20000,20000,,,https://brainportal.humanbrain.in/code/2dviewer/annotation/public?data=4&region=-1&section=2635&type=hd
2641,data2d/specimen_5/Specimen_5_2641.tif,tif,1,80000,80000,https://dharani-fetal-brain-atlas.s3.us-west-2.amazonaws.com/data2d/specimen_5/Specimen_5_2641.json,geojson,https://brainportal.humanbrain.in/code/2dviewer/annotation/public?data=4&region=-1&section=2641
2644,data2d/specimen_5/Specimen_5_2644.tif,tif,4,20000,20000,,,https://brainportal.humanbrain.in/code/2dviewer/annotation/public?data=4&region=-1&section=2644&type=hd
2647,data2d/specimen_5/Specimen_5_2647.tif,tif,4,20000,20000,,,https://brainportal.humanbrain.in/code/2dviewer/annotation/public?data=4&region=-1&section=2647&type=hd
2650,data2d/specimen_5/Specimen_5_2650.tif,tif,4,20000,20000,,,https://brainportal.humanbrain.in/code/2dviewer/annotation/public?data=4&region=-1&section=2650&type=hd
2653,data2d/specimen_5/Specimen_5_2653.tif,tif,4,20000,20000,,,https://brainportal.humanbrain.in/code/2dviewer/annotation/public?data=4&region=-1&section=2653&type=hd
2662,data2d/specimen_5/Specimen_5_2662.tif,tif,4,20000,20000,,,https://brainportal.humanbrain.in/code/2dviewer/annotation/public?data=4&region=-1&section=2662&type=hd
2665,data2d/specimen_5/Specimen_5_2665.tif,tif,4,20000,20000,,,https://brainportal.humanbrain.in/code/2dviewer/annotation/public?data=4&region=-1&section=2665&type=hd
2671,data2d/specimen_5/Specimen_5_2671.tif,tif,4,20000,20000,,,https://brainportal.humanbrain.in/code/2dviewer/annotation/public?data=4&region=-1&section=2671&type=hd
